last_name, first_name,year,player_age,b_ab,b_total_pa,b_total_hits,b_single,b_double,b_triple,b_home_run,b_strikeout,b_walk,b_k_percent,b_bb_percent,batting_avg,slg_percent,on_base_percent,on_base_plus_slg,xba,xslg,woba,xwoba,xobp,xiso,wobacon,xwobacon,bacon,xbacon,xbadiff,xslgdiff,wobadif,exit_velocity_avg,launch_angle_avg,barrels,barrel_batted_rate,solidcontact_percent,flareburner_percent,poorlyunder_percent,poorlytopped_percent,poorlyweak_percent,hard_hit_percent,z_swing_percent,z_swing_miss_percent,oz_swing_percent,oz_swing_miss_percent,oz_contact_percent,out_zone_swing_miss,out_zone_swing,out_zone_percent,out_zone,meatball_swing_percent,meatball_percent,pitch_count_offspeed,pitch_count_breaking,pitch_count,iz_contact_percent,in_zone_swing_miss,in_zone_swing,in_zone_percent,in_zone,edge_percent,edge,whiff_percent,swing_percent,pull_percent,straightaway_percent,opposite_percent,batted_ball,f_strike_percent,groundballs_percent,groundballs,flyballs_percent,flyballs,linedrives_percent,linedrives,popups_percent,popups,
Pujols, Albert,2019,39,491,545,120,75,22,0,23,68,43,12.5,7.9,.244,.430,.305,.734,.246,.412,.312,.314,.309,.161,.322,.324,.278,.284,-0.002,.018,-0.002,88.3,12.4,26,6.0,3.7,23.7,27.8,35.5,3.2,36.3,59.7,11.1,30.8,30.1,69.9,100,332,52.8,1079,67.4,7.0,184,679,2085,88.9,64,576,47.2,965,42.4,867,18.2,44.5,45.7,35.7,18.6,431,15.4,46.2,199,26.7,115,16.9,73,10.2,44,
Cabrera, Miguel,2019,36,493,549,139,106,21,0,12,108,48,19.7,8.7,.282,.398,.346,.744,.269,.423,.321,.330,.337,.150,.366,.377,.356,.343,.013,-0.025,-0.009,90.3,12.2,25,6.4,7.2,30.5,21.5,33.1,1.3,44.6,67.8,14.7,34.0,40.7,59.3,151,371,54.0,1092,75.3,7.6,185,620,2033,85.3,93,632,46.0,932,42.5,861,24.4,49.6,30.0,37.2,32.8,390,33.9,44.9,175,22.3,87,27.9,109,4.9,19,
Choo, Shin-Soo,2019,37,563,660,149,92,31,2,24,165,78,25.0,11.8,.265,.455,.371,.826,.257,.453,.357,.357,.365,.194,.425,.425,.373,.362,.008,.002,.000,91.3,8.7,35,8.8,9.0,28.1,16.8,33.1,4.3,49.0,63.9,20.9,20.1,55.9,44.1,151,270,50.0,1344,74.7,7.2,397,808,2707,79.1,180,860,50.0,1345,42.8,1151,29.5,42.0,36.1,39.6,24.3,399,26.7,50.6,202,22.3,89,23.6,94,3.5,14,
Encarnacion, Edwin,2019,36,418,486,102,50,18,0,34,103,58,21.2,11.9,.244,.531,.344,.875,.237,.492,.367,.359,.340,.254,.421,.407,.321,.315,.007,.039,.008,90.0,22.5,40,12.6,5.7,21.4,36.5,21.4,2.5,42.0,65.7,20.7,25.2,37.2,62.8,106,285,53.9,1129,75.5,7.0,225,748,2151,79.3,131,634,46.1,965,41.8,876,25.9,43.5,48.1,30.2,21.4,318,22.8,30.8,98,31.1,99,23.0,73,15.1,48,
Jones, Adam,2019,34,485,528,126,84,25,1,16,101,31,19.1,5.9,.260,.414,.313,.727,.252,.408,.311,.310,.307,.153,.356,.355,.326,.318,.007,.006,.001,86.0,13.5,26,6.7,5.4,23.8,24.8,34.1,5.2,30.2,71.3,15.1,39.2,45.8,54.2,185,404,53.6,1030,73.6,6.3,186,614,1923,84.9,96,637,46.4,893,43.1,828,27.0,54.1,39.3,38.0,22.5,387,33.5,43.9,170,25.8,100,21.2,82,9.0,35,
Desmond, Ian,2019,34,443,482,113,58,31,4,20,119,34,24.7,7.1,.255,.479,.309,.788,.270,.458,.332,.336,.324,.186,.415,.420,.347,.367,-0.015,.021,-0.004,90.6,8.4,34,10.4,4.9,24.5,19.6,37.9,2.8,42.2,67.5,17.2,26.1,47.4,52.6,120,253,53.1,971,78.0,6.7,180,473,1830,82.8,100,580,46.9,859,43.8,801,26.4,45.5,29.7,36.7,33.6,327,26.3,47.4,155,22.3,73,24.8,81,5.5,18,
Cruz, Nelson,2019,39,454,521,141,74,26,0,41,131,56,25.1,10.7,.311,.639,.392,1.030,.292,.623,.424,.420,.380,.329,.548,.541,.433,.411,.019,.017,.004,93.7,13.1,65,19.9,8.3,20.6,20.2,28.8,2.1,51.5,69.8,21.9,27.2,54.5,45.5,174,319,55.4,1171,82.6,7.3,223,720,2114,78.1,144,658,44.6,943,40.4,853,32.5,46.2,38.7,36.2,25.2,326,28.8,40.5,132,24.8,81,27.0,88,7.7,25,
Longoria, Evan,2019,34,453,508,115,74,19,2,20,112,43,22.0,8.5,.254,.437,.325,.762,.271,.480,.326,.353,.341,.206,.379,.419,.332,.355,-0.017,-0.043,-0.027,89.7,14.0,26,7.5,8.4,25.1,24.9,32.4,1.7,40.8,64.6,21.1,30.2,35.3,64.7,110,312,51.4,1034,77.2,6.3,225,594,2018,78.9,133,631,48.6,977,42.3,850,25.7,46.8,37.3,40.5,22.3,346,26.4,41.0,142,26.6,92,27.2,94,5.2,18,
Fowler, Dexter,2019,33,487,574,116,72,24,1,19,142,74,24.7,12.9,.238,.409,.345,.754,.245,.402,.329,.334,.353,.154,.378,.387,.332,.344,-0.007,.007,-0.005,85.2,13.0,26,7.4,4.6,28.3,24.6,31.1,4.0,28.4,66.5,21.2,23.0,42.2,57.8,127,301,54.8,1308,78.6,6.4,429,580,2417,78.8,152,718,45.2,1080,44.1,1054,27.2,42.6,36.9,39.4,23.7,350,31.2,39.4,138,26.0,91,28.6,100,6.0,21,
Cabrera, Asdrubal,2019,34,447,514,116,72,25,1,18,103,57,20.0,11.1,.260,.441,.342,.783,.233,.390,.335,.314,.322,.153,.374,.344,.330,.301,.027,.051,.021,88.8,14.1,20,5.7,6.3,26.2,29.3,30.2,2.3,35.3,65.9,16.3,25.1,32.1,67.9,85,265,50.5,1055,71.1,6.5,298,538,2089,83.7,111,681,49.5,1033,45.1,942,20.7,45.3,46.2,32.2,21.7,351,26.1,38.7,136,27.4,96,27.6,97,6.3,22,
Blackmon, Charlie,2019,33,580,634,182,101,42,7,32,104,40,16.4,6.3,.314,.576,.364,.940,.290,.501,.392,.361,.343,.208,.447,.406,.378,.351,.024,.075,.031,88.5,14.5,40,8.3,7.9,26.4,24.3,29.5,3.5,40.1,70.4,13.7,30.1,32.5,67.5,119,366,51.4,1214,75.8,6.6,323,549,2362,86.3,111,808,48.6,1148,45.1,1066,19.6,49.7,39.3,35.3,25.4,481,27.8,40.3,194,26.8,129,26.6,128,6.2,30,
Frazier, Todd,2019,33,447,499,112,70,19,2,21,106,40,21.2,8.0,.251,.443,.329,.772,.237,.396,.332,.313,.317,.157,.380,.353,.328,.311,.014,.047,.019,88.2,17.3,25,7.3,7.0,21.4,30.8,29.0,4.4,38.4,61.9,16.3,25.9,45.2,54.8,123,272,53.2,1049,72.8,7.5,217,641,1991,83.7,93,571,46.8,923,41.4,817,25.6,42.8,47.8,35.5,16.7,341,26.3,36.1,123,26.1,89,26.4,90,11.4,39,
Cain, Lorenzo,2019,33,562,623,146,105,30,0,11,106,50,17.0,8.0,.260,.372,.324,.696,.289,.407,.305,.335,.352,.114,.328,.369,.317,.354,-0.029,-0.035,-0.030,89.4,6.6,19,4.1,5.2,27.8,17.4,43.0,2.4,42.1,65.4,9.9,25.1,41.4,58.3,132,319,51.6,1270,71.1,7.3,230,623,2508,90.1,77,779,48.4,1191,42.5,1047,19.2,44.7,27.4,40.2,32.4,460,22.5,50.9,234,16.7,77,27.2,125,5.2,24,
Turner, Justin,2019,35,479,549,139,88,24,0,27,88,51,16.0,9.3,.290,.509,.372,.881,.282,.494,.374,.373,.367,.210,.405,.404,.351,.345,.008,.015,.001,90.2,17.6,31,7.8,9.3,28.8,28.3,23.7,2.0,43.0,66.3,13.1,24.6,27.8,72.2,73,263,50.2,1070,80.9,7.4,238,576,2151,86.9,92,704,49.8,1062,41.2,879,17.1,45.4,34.6,39.4,26.0,396,26.0,34.8,138,29.8,118,28.8,114,6.6,26,
Votto, Joey,2019,36,525,608,137,89,32,1,15,123,76,20.2,12.5,.261,.411,.357,.768,.252,.424,.335,.341,.351,.169,.368,.376,.338,.330,.009,-0.013,-0.006,88.8,15.0,28,6.9,5.7,28.4,29.4,27.7,2.0,37.7,65.5,13.7,18.4,37.3,62.7,85,228,51.9,1241,79.5,7.4,339,566,2458,86.3,103,752,48.1,1148,45.1,1077,19.6,41.5,35.3,39.5,25.2,405,32.6,37.8,153,30.1,122,28.9,117,3.2,13,
Gardner, Brett,2019,36,491,550,123,62,26,7,28,108,52,19.6,9.5,.251,.503,.325,.829,.238,.357,.349,.299,.315,.116,.397,.326,.319,.304,.013,.146,.050,87.2,13.6,16,4.1,6.0,23.1,29.8,32.9,4.1,31.4,54.9,11.3,22.4,39.7,60.3,108,272,51.1,1215,64.7,7.9,305,576,2381,88.7,72,639,48.9,1163,40.0,951,19.7,38.3,44.3,36.3,19.4,386,14.2,45.1,174,20.7,80,23.1,89,11.1,43,
Braun, Ryan,2019,36,459,508,131,76,31,2,22,105,34,20.7,6.7,.285,.505,.341,.846,.267,.461,.358,.342,.328,.191,.425,.401,.367,.345,.018,.044,.016,91.2,7.1,35,9.8,5.3,22.1,19.0,42.0,1.7,45.0,71.9,13.1,34.6,43.8,56.3,154,352,55.1,1018,85.4,5.2,202,463,1875,86.9,78,596,44.9,829,43.0,794,24.9,51.5,36.4,39.8,23.8,357,38.2,49.6,177,19.3,69,25.5,91,5.6,20,
Gordon, Alex,2019,35,556,633,148,103,31,1,13,100,51,15.8,8.1,.266,.396,.344,.740,.255,.414,.322,.331,.338,.154,.337,.350,.320,.310,.011,-0.018,-0.009,88.2,9.0,25,5.4,5.6,23.3,23.5,36.3,5.8,37.8,70.4,14.4,26.6,41.1,58.9,132,321,51.5,1207,81.2,6.6,326,629,2350,85.6,115,801,48.5,1138,42.9,1007,22.0,47.9,36.9,37.8,25.3,463,31.4,46.9,217,24.0,111,27.0,125,2.2,10,
Andrus, Elvis,2019,31,600,648,165,122,27,4,12,96,34,14.8,5.2,.275,.393,.313,.707,.266,.384,.303,.306,.310,.114,.331,.335,.321,.316,.009,.009,-0.003,88.2,7.1,18,3.5,4.5,28.6,20.4,41.1,1.9,34.4,60.9,9.4,32.6,37.5,62.5,157,419,51.3,1285,64.4,6.4,240,912,2528,90.6,70,744,48.7,1222,42.3,1060,19.6,46.4,30.0,43.6,26.5,514,25.3,52.3,269,18.7,96,24.3,125,4.7,24,
Ramos, Wilson,2019,32,473,524,136,103,19,0,14,69,44,13.2,8.4,.288,.416,.351,.768,.261,.393,.330,.314,.327,.126,.348,.327,.334,.303,.027,.023,.016,90.0,0.0,19,4.7,3.7,27.0,12.8,49.1,2.7,42.2,74.4,13.7,34.1,34.8,65.2,104,299,51.0,877,81.3,7.8,174,452,1720,86.3,86,626,49.0,841,40.2,691,20.5,53.9,32.4,43.7,23.8,407,43.7,63.4,258,13.8,56,19.9,81,2.9,12,
Santana, Carlos,2019,33,573,686,161,96,30,1,34,108,108,15.7,15.7,.281,.515,.397,.911,.264,.466,.384,.365,.383,.198,.408,.380,.345,.324,.017,.049,.019,91.8,11.8,45,9.6,5.8,23.1,25.1,35.5,0.9,44.9,63.4,15.4,17.8,35.5,64.5,93,262,53.0,1473,76.4,6.5,521,712,2793,84.6,128,829,47.0,1307,42.8,1191,20.4,39.3,42.0,39.2,18.8,467,21.1,46.3,216,26.3,123,20.8,97,6.6,31,
Belt, Brandon,2019,31,526,616,123,71,32,3,17,127,83,20.6,13.5,.234,.403,.339,.742,.238,.430,.322,.340,.345,.190,.348,.375,.305,.314,-0.004,-0.027,-0.018,86.4,21.9,35,8.7,9.7,22.3,36.0,18.1,5.2,35.8,74.5,15.7,22.4,42.7,57.3,131,307,54.6,1369,88.1,6.4,372,559,2514,84.3,133,848,45.4,1139,41.8,1048,22.9,46.0,40.4,34.2,25.3,403,36.4,30.0,121,33.5,135,27.0,109,9.4,38,
Smoak, Justin,2019,33,414,500,86,48,16,0,22,106,79,21.2,15.8,.208,.406,.342,.748,.245,.476,.327,.367,.373,.229,.342,.407,.278,.328,-0.037,-0.070,-0.040,90.3,16.8,34,11.0,8.4,24.3,28.8,26.5,1.0,39.5,63.1,14.3,19.7,50.0,50.0,109,218,54.0,1104,75.2,6.5,372,539,2044,85.7,85,593,46.0,940,42.7,873,23.9,39.7,45.0,37.2,17.8,309,22.8,37.9,117,30.4,94,24.3,75,7.4,23,
Brantley, Michael,2019,32,575,637,179,115,40,2,22,66,51,10.4,8.0,.311,.503,.372,.875,.297,.466,.371,.359,.361,.166,.384,.369,.349,.336,.014,.037,.012,88.7,10.6,30,5.8,6.8,28.7,21.6,32.7,4.3,37.4,60.8,5.4,25.9,24.1,75.9,70,291,49.4,1124,69.2,7.4,302,534,2316,94.6,38,699,50.6,1150,44.0,1001,10.8,43.7,39.0,34.9,26.1,513,20.9,46.0,236,20.9,107,28.1,144,5.1,26,
Gurriel, Yuli,2019,35,564,612,168,95,40,2,31,65,37,10.6,6.0,.298,.541,.343,.884,.278,.405,.369,.320,.327,.123,.391,.331,.333,.313,.020,.136,.049,89.3,14.5,19,3.8,4.2,29.5,30.1,30.7,1.8,37.5,66.6,9.4,34.3,24.8,75.2,91,367,52.3,1071,74.4,6.5,249,619,2085,90.6,61,651,47.7,977,41.7,854,14.8,49.7,41.2,36.6,22.2,505,33.8,38.6,195,21.4,108,27.3,138,12.7,64,
Rojas, Miguel,2019,30,483,526,137,102,29,1,5,62,32,11.8,6.1,.284,.379,.331,.710,.272,.367,.308,.305,.323,.089,.321,.318,.322,.311,.012,.012,.003,87.1,8.8,11,2.6,2.3,28.3,24.6,39.6,2.6,28.3,63.9,10.0,29.8,30.8,69.2,85,276,49.6,925,66.5,8.5,220,506,1867,90.0,60,601,50.4,941,40.4,754,16.5,47.0,28.8,41.5,29.7,427,28.3,47.8,204,21.3,91,27.2,116,3.7,16,
Escobar, Eduardo,2019,30,636,699,171,97,29,10,35,130,50,18.6,7.2,.269,.511,.320,.831,.250,.442,.346,.321,.306,.189,.399,.366,.331,.312,.019,.069,.025,87.8,18.3,36,7.0,7.9,23.3,34.3,25.2,2.3,31.5,71.2,18.0,37.8,35.1,64.9,199,567,55.8,1501,75.1,6.4,422,652,2691,82.0,152,846,44.2,1189,43.0,1158,24.8,52.5,41.1,38.6,20.3,516,32.8,32.9,170,33.5,173,27.1,140,6.4,33,
Davis, Khris,2019,32,481,533,106,72,11,0,23,146,47,27.4,8.8,.220,.387,.293,.679,.229,.420,.292,.315,.302,.188,.363,.398,.315,.330,-0.009,-0.033,-0.023,90.1,13.2,34,10.1,8.0,22.0,25.5,32.6,1.8,40.2,79.6,26.8,27.4,57.2,42.8,170,297,53.5,1084,93.8,6.4,258,670,2066,73.2,201,751,46.5,944,43.4,880,34.9,51.8,37.1,38.6,24.3,337,41.3,42.4,143,28.5,96,23.7,80,5.3,18,
Pham, Tommy,2019,31,567,654,155,99,33,2,21,123,81,18.8,12.4,.273,.450,.369,.818,.273,.445,.352,.355,.369,.168,.387,.391,.348,.349,.000,.005,-0.003,90.8,5.1,35,7.9,4.9,24.0,16.6,42.7,3.8,44.8,61.5,12.7,16.5,46.8,53.2,103,220,51.4,1337,71.0,7.7,247,817,2604,87.3,99,778,48.6,1265,41.6,1083,20.2,38.4,31.7,42.9,25.4,445,25.5,53.5,238,18.9,84,23.8,106,3.8,17,
Martinez, J.D.,2019,32,575,657,175,104,33,2,36,138,72,21.0,11.0,.304,.557,.382,.939,.305,.562,.391,.402,.386,.254,.467,.483,.396,.401,-0.001,-0.005,-0.011,91.3,12.5,53,12.0,7.5,30.1,19.9,28.3,2.3,46.7,72.5,16.4,29.7,48.2,51.8,190,394,53.9,1326,89.4,7.3,217,796,2463,83.6,135,823,46.1,1135,44.2,1087,26.7,49.5,38.2,35.3,26.5,442,36.5,43.0,190,25.6,113,28.5,126,2.9,13,
Reddick, Josh,2019,32,501,550,138,102,19,3,14,66,36,12.0,6.5,.275,.409,.316,.726,.272,.383,.311,.310,.320,.109,.327,.326,.311,.312,.003,.026,.001,86.0,15.6,15,3.4,4.0,28.8,30.1,30.8,2.9,29.2,74.1,9.2,29.5,28.0,72.0,84,300,51.9,1017,78.9,6.5,320,476,1993,90.7,64,697,48.1,941,41.6,815,14.7,51.0,36.2,38.4,25.4,445,28.0,40.4,180,23.1,103,27.0,120,9.4,42,
Murphy, Daniel,2019,34,438,478,122,73,35,1,13,74,32,15.5,6.7,.279,.452,.326,.778,.247,.359,.331,.290,.300,.108,.366,.313,.332,.295,.032,.093,.041,86.3,14.8,9,2.4,5.2,28.3,29.1,31.8,3.3,28.1,68.5,8.3,30.0,28.9,71.1,83,287,52.6,956,72.6,6.8,231,422,1821,91.7,49,591,47.4,863,42.2,767,15.0,48.3,36.1,36.7,27.2,368,29.1,40.8,150,24.7,91,28.0,103,6.5,24,
Goldschmidt, Paul,2019,32,597,682,155,95,25,1,34,166,78,24.3,11.4,.260,.476,.345,.820,.258,.494,.350,.360,.345,.234,.422,.439,.357,.356,.002,-0.018,-0.010,90.1,15.3,49,11.3,9.0,24.4,25.1,26.7,3.5,42.4,66.7,22.2,28.3,35.2,64.8,148,421,52.5,1490,69.8,7.0,316,878,2888,77.8,200,900,47.5,1350,42.5,1208,26.3,46.5,37.8,37.6,24.7,434,30.6,38.5,167,29.7,129,24.4,106,7.4,32,
Altuve, Jose,2019,29,500,548,149,88,27,3,31,82,41,15.0,7.5,.298,.550,.352,.902,.275,.469,.379,.346,.333,.190,.420,.378,.354,.328,.023,.081,.033,86.1,8.8,34,8.1,4.0,21.8,21.8,36.7,7.6,34.5,66.6,15.2,30.2,31.7,68.3,100,315,54.0,1042,70.7,6.4,255,597,1994,84.8,90,592,46.0,889,41.3,797,20.8,46.8,41.7,40.0,18.2,422,40.7,50.7,214,21.8,92,19.7,83,7.8,33,
Hernandez, Cesar,2019,29,612,667,171,123,31,3,14,100,45,15.0,6.7,.279,.408,.333,.741,.271,.370,.318,.305,.326,.095,.346,.329,.331,.323,.008,.038,.013,85.7,9.3,14,2.7,2.7,26.0,23.8,42.6,2.1,28.3,63.8,11.0,27.3,31.8,68.2,113,355,50.1,1302,70.9,7.8,448,633,2600,89.0,91,828,49.9,1297,43.7,1135,17.2,45.5,34.5,35.9,29.7,516,27.4,49.8,257,17.6,91,24.4,126,8.1,42,
Segura, Jean,2019,29,576,618,161,108,37,4,12,73,30,11.8,4.9,.280,.420,.322,.742,.274,.391,.318,.311,.319,.113,.337,.328,.318,.314,.006,.029,.007,88.0,7.0,16,3.2,5.9,22.9,19.1,45.4,3.6,32.7,60.1,7.8,35.4,25.1,74.9,105,418,52.9,1180,63.8,6.8,211,678,2232,92.2,49,632,47.1,1051,41.6,929,14.7,47.0,29.2,44.6,26.2,507,20.7,52.9,268,16.4,83,23.9,121,6.9,35,
Castro, Starlin,2019,29,636,676,172,115,31,4,22,111,28,16.4,4.1,.270,.436,.300,.736,.264,.417,.310,.309,.297,.149,.354,.352,.322,.318,.006,.019,.001,88.6,10.9,33,6.2,4.1,27.3,24.3,34.1,3.9,37.7,67.5,12.2,31.3,33.8,66.2,133,394,50.6,1257,79.9,6.6,245,722,2485,87.8,101,827,49.4,1225,45.4,1127,19.1,49.2,37.6,40.6,21.7,534,31.8,48.1,257,24.2,129,21.7,116,6.0,32,
Marte, Starling,2019,31,539,586,159,99,31,6,23,94,25,16.0,4.3,.295,.503,.341,.844,.303,.497,.357,.364,.351,.190,.401,.410,.354,.365,-0.008,.006,-0.007,87.4,7.4,37,8.2,5.5,23.9,19.1,36.6,6.7,38.5,75.7,17.2,33.5,40.9,59.1,153,374,53.2,1116,84.1,6.3,223,621,2127,82.8,128,744,46.8,983,42.2,885,25.1,53.2,35.9,40.4,23.7,451,38.4,52.5,237,19.7,89,23.5,106,4.2,19,
Donaldson, Josh,2019,34,549,659,142,72,33,0,37,155,100,23.5,15.2,.259,.521,.379,.900,.265,.514,.382,.386,.384,.248,.448,.456,.359,.367,-0.006,.007,-0.004,92.9,13.3,62,15.7,5.1,24.2,23.2,30.3,1.5,50.0,68.8,25.9,23.1,40.0,60.0,138,345,54.5,1494,82.3,6.6,324,776,2742,74.1,222,858,45.5,1248,42.7,1171,29.9,43.9,39.9,35.1,25.0,396,31.1,41.9,166,23.5,93,26.3,104,8.3,33,
Freeman, Freddie,2019,30,597,692,176,102,34,2,38,127,87,18.4,12.6,.295,.549,.389,.938,.287,.552,.392,.394,.382,.263,.445,.449,.373,.363,.008,-0.003,-0.002,89.7,14.5,59,12.5,7.0,25.6,22.9,29.7,2.3,42.3,80.4,19.8,29.2,34.3,65.7,153,446,55.6,1527,86.7,5.8,498,654,2750,80.2,194,980,44.4,1219,43.0,1182,24.3,51.9,37.3,35.4,27.3,472,39.2,38.1,180,27.1,128,30.9,146,3.8,18,
Grandal, Yasmani,2019,31,513,632,126,70,26,2,28,139,109,22.0,17.2,.246,.468,.380,.848,.236,.455,.365,.362,.373,.216,.402,.398,.332,.321,.010,.013,.003,90.3,13.9,43,11.3,8.7,21.1,26.1,30.1,2.6,41.8,58.2,16.9,21.6,45.3,54.7,140,309,53.6,1431,72.8,6.3,431,753,2733,83.1,122,722,46.4,1241,44.4,1186,25.5,38.4,35.1,42.0,23.0,379,21.5,40.9,155,27.2,103,24.8,94,7.1,27,
Heyward, Jason,2019,30,513,589,129,84,20,4,21,110,68,18.7,11.5,.251,.429,.343,.772,.265,.401,.331,.332,.355,.134,.360,.362,.318,.335,-0.014,.028,-0.001,88.6,11.1,24,5.9,6.2,25.4,23.6,35.7,3.2,36.5,66.3,16.3,27.5,35.2,64.8,116,330,54.3,1198,73.4,6.5,322,571,2231,83.7,109,670,45.7,1010,43.4,959,22.7,45.4,39.4,38.7,21.9,406,27.3,47.3,192,20.4,83,25.1,102,7.1,29,
LeMahieu, DJ,2019,31,602,655,197,136,33,2,26,90,46,13.7,7.0,.327,.518,.374,.892,.318,.507,.379,.377,.368,.186,.416,.414,.382,.373,.009,.011,.002,91.7,6.7,39,7.5,6.6,29.6,15.5,39.1,1.7,47.2,64.3,10.8,27.3,28.2,71.8,96,341,50.8,1249,69.4,7.8,240,621,2463,89.2,84,778,49.2,1210,42.7,1049,16.0,45.6,25.0,41.4,33.7,517,20.6,49.7,257,17.2,89,29.8,154,3.3,17,
Moustakas, Mike,2019,31,523,584,133,67,30,1,35,98,53,16.8,9.1,.254,.516,.329,.845,.255,.478,.353,.345,.330,.222,.391,.380,.311,.313,-0.001,.038,.008,89.3,17.1,44,10.3,6.1,21.3,31.4,26.0,4.9,40.7,71.8,17.8,31.4,38.3,61.7,144,376,54.5,1198,81.0,6.7,288,616,2233,82.2,128,719,45.5,1002,43.5,958,25.0,49.8,37.9,33.7,28.3,427,28.6,37.0,158,28.3,121,23.0,98,11.7,50,
Rizzo, Anthony,2019,30,512,613,150,91,29,3,27,86,71,14.0,11.6,.293,.520,.405,.924,.296,.483,.394,.391,.410,.184,.405,.401,.350,.357,-0.003,.037,.003,88.8,12.4,30,7.0,5.6,30.5,21.4,32.2,3.3,37.0,63.8,13.7,31.8,28.9,71.1,127,439,56.4,1382,71.3,6.5,387,626,2470,86.3,93,681,43.6,1068,43.1,1055,19.7,45.5,40.1,36.6,23.3,429,21.7,43.1,185,21.2,91,29.1,125,6.5,28,
Galvis, Freddy,2019,30,557,589,145,93,28,1,23,145,28,24.6,4.8,.260,.438,.295,.733,.233,.367,.312,.276,.270,.131,.395,.344,.350,.313,.028,.072,.036,88.2,14.2,23,5.5,5.1,27.0,29.6,29.6,3.1,36.1,71.6,21.3,37.8,41.4,58.6,187,452,52.2,1195,77.5,6.6,415,567,2288,78.7,167,783,47.8,1093,42.5,972,28.7,54.0,38.1,34.9,27.0,415,29.1,41.2,171,26.5,110,25.1,104,7.2,30,
Garcia, Avisail,2019,28,489,530,138,91,25,2,20,125,31,23.6,5.8,.282,.464,.332,.796,.272,.479,.338,.344,.324,.204,.418,.426,.376,.365,.010,-0.015,-0.006,89.5,9.8,43,11.7,6.8,20.7,20.7,34.9,5.2,40.3,81.3,20.8,36.0,52.7,47.3,198,376,55.1,1043,85.2,7.5,250,589,1894,79.2,144,692,44.9,851,39.9,756,32.0,56.4,40.6,36.5,22.9,367,45.5,45.8,168,21.0,77,26.7,98,6.5,24,
Ozuna, Marcell,2019,29,485,549,117,64,23,1,29,114,62,20.8,11.3,.241,.472,.328,.800,.284,.523,.340,.379,.366,.237,.386,.445,.315,.370,-0.043,-0.051,-0.039,91.8,13.5,47,12.6,6.7,25.8,22.3,30.4,2.2,49.2,68.0,16.7,27.6,47.9,52.1,168,351,57.2,1273,78.6,6.3,222,804,2260,83.3,108,647,42.8,951,39.7,882,27.6,44.9,45.2,35.8,19.1,372,30.4,41.9,156,24.5,91,26.3,98,7.3,27,
Villar, Jonathan,2019,28,642,714,176,114,33,5,24,176,61,24.6,8.5,.274,.453,.338,.791,.246,.396,.339,.312,.314,.148,.417,.376,.374,.337,.028,.057,.027,87.7,7.0,32,6.8,5.7,24.8,21.0,36.7,5.1,37.1,73.4,21.2,27.7,42.7,57.3,178,417,53.0,1507,81.3,6.8,499,555,2843,78.7,208,981,47.0,1336,42.0,1194,27.6,49.2,35.0,38.1,26.9,472,35.7,50.8,240,19.5,92,22.9,108,6.8,32,
Santana, Danny,2019,29,474,511,134,77,23,6,28,151,25,29.5,4.9,.283,.534,.323,.857,.269,.476,.357,.337,.312,.204,.491,.460,.409,.390,.014,.058,.020,91.4,13.5,31,9.5,7.3,28.7,22.3,31.1,1.2,43.6,73.9,23.9,38.3,47.2,52.8,180,381,51.3,995,73.7,6.9,398,516,1942,76.0,167,699,48.7,946,43.7,848,32.1,55.6,39.3,35.7,25.0,328,30.3,40.9,134,23.8,78,29.3,96,6.1,20,
Crawford, Brandon,2019,32,500,560,114,77,24,2,11,117,53,20.9,9.5,.228,.350,.304,.654,.237,.383,.283,.304,.313,.142,.315,.345,.295,.309,-0.009,-0.033,-0.021,87.5,8.4,21,5.4,6.5,25.1,19.9,40.8,2.3,35.1,76.6,21.5,28.4,44.8,55.2,146,326,52.6,1147,86.7,6.9,365,524,2179,78.5,170,791,47.4,1032,41.0,893,28.3,51.3,36.7,40.1,23.3,387,42.7,49.1,190,18.9,73,26.9,104,5.2,20,
Cron, C.J.,2019,29,458,499,116,67,24,0,25,107,29,21.4,5.8,.253,.469,.311,.780,.273,.530,.328,.366,.331,.255,.391,.444,.329,.358,-0.020,-0.062,-0.038,91.0,12.7,53,15.0,4.5,21.5,23.5,32.3,3.1,44.6,69.1,17.7,32.4,40.1,59.9,128,319,51.8,985,78.8,7.2,184,644,1937,82.3,112,634,48.2,917,40.5,770,25.4,50.2,38.2,37.7,24.1,353,32.2,42.5,150,23.8,84,26.3,93,7.4,26,
Grossman, Robbie,2019,30,420,482,101,71,21,3,6,86,59,17.8,12.2,.240,.348,.334,.682,.260,.366,.302,.322,.352,.104,.312,.341,.301,.327,-0.020,-0.018,-0.020,87.7,12.1,8,2.4,5.7,28.6,27.4,34.8,1.2,30.7,60.0,9.9,16.2,36.2,63.8,55,152,49.9,940,76.5,7.9,309,434,1896,90.1,56,566,50.1,944,43.2,813,15.5,38.2,29.2,41.1,29.8,336,26.1,40.2,135,24.1,81,29.5,99,6.3,21,
Hosmer, Eric,2019,30,619,667,164,111,29,2,22,163,40,24.4,6.0,.265,.425,.310,.735,.258,.407,.313,.310,.306,.146,.390,.386,.356,.349,.007,.018,.003,90.5,2.1,33,7.2,4.8,25.2,14.1,45.8,3.0,46.0,71.9,17.8,32.7,48.2,51.8,225,467,55.9,1430,76.4,6.5,332,765,2558,82.2,144,810,44.1,1127,43.7,1118,28.9,49.9,29.3,43.0,27.8,461,30.4,56.8,262,17.6,81,23.2,107,2.4,11,
Kipnis, Jason,2019,32,458,511,112,71,23,1,17,88,40,17.2,7.8,.245,.410,.301,.712,.254,.398,.305,.312,.316,.142,.335,.345,.298,.314,-0.009,.012,-0.007,86.7,13.1,21,5.5,5.8,23.9,29.4,29.9,5.5,34.4,65.2,11.5,26.5,42.4,57.6,111,262,50.1,987,73.9,7.8,286,529,1981,88.5,74,642,49.9,984,41.9,825,20.4,46.0,39.6,36.0,24.4,381,19.2,41.2,157,26.8,102,26.0,99,6.0,23,
McCann, James,2019,29,439,476,120,75,26,1,18,137,30,28.8,6.3,.273,.460,.328,.788,.252,.428,.336,.320,.309,.173,.448,.421,.397,.366,.021,.032,.016,89.9,10.7,28,9.2,5.6,29.7,19.8,34.0,1.7,43.5,68.0,19.2,32.6,47.1,52.9,157,333,52.0,1021,81.5,7.4,189,594,1966,80.8,123,641,48.0,943,40.8,802,28.7,49.6,34.3,35.3,30.4,303,27.1,43.9,133,20.8,63,29.7,90,5.6,17,
Rendon, Anthony,2019,29,545,646,174,93,44,3,34,86,80,13.3,12.4,.319,.598,.412,1.010,.310,.563,.418,.413,.407,.251,.445,.438,.372,.366,.009,.035,.005,90.4,19.5,56,12.0,6.6,27.4,30.3,21.8,1.9,46.6,68.3,8.1,20.4,27.1,72.9,76,280,52.5,1372,79.0,7.5,314,806,2613,91.9,69,847,47.5,1241,42.2,1102,12.9,43.1,37.6,38.0,24.4,468,25.7,33.3,156,30.1,141,27.1,127,9.4,44,
Semien, Marcus,2019,29,657,747,187,104,43,7,33,102,87,13.7,11.6,.285,.522,.369,.892,.267,.466,.377,.355,.354,.197,.397,.367,.336,.316,.018,.056,.022,88.8,14.7,47,8.5,5.2,23.7,29.3,30.0,3.2,37.8,66.2,12.3,19.2,38.5,61.5,110,286,51.2,1491,78.5,6.9,350,899,2965,87.7,116,940,48.8,1419,42.9,1247,18.3,42.1,40.3,35.6,24.1,556,23.6,41.0,228,25.5,142,25.2,140,8.3,46,
Springer, George,2019,30,479,556,140,78,20,3,39,113,67,20.3,12.1,.292,.591,.383,.974,.280,.552,.406,.395,.374,.269,.474,.458,.378,.365,.012,.039,.011,89.8,10.3,53,14.3,5.9,22.2,19.2,33.0,5.4,44.8,69.0,20.1,20.9,47.1,52.9,115,244,52.2,1170,87.7,7.3,290,605,2299,79.9,148,738,47.8,1070,42.5,953,26.5,44.0,37.8,38.1,24.1,370,34.4,44.6,165,24.3,90,25.1,93,5.9,22,
Vazquez, Christian,2019,29,482,521,133,83,26,1,23,101,33,19.4,6.3,.276,.477,.319,.796,.248,.424,.336,.311,.297,.172,.396,.363,.346,.315,.028,.053,.025,88.7,12.9,24,6.2,8.8,21.7,27.1,32.8,3.4,38.5,67.7,14.7,32.9,31.9,68.1,108,339,51.1,1029,71.8,6.5,182,588,2013,85.3,98,665,48.9,983,42.2,849,20.5,49.9,33.1,37.7,29.2,387,29.0,39.5,153,25.1,97,29.7,115,5.7,22,
Wong, Kolten,2019,29,478,549,136,96,25,4,11,83,47,15.1,8.6,.285,.423,.357,.780,.253,.356,.337,.305,.334,.100,.358,.315,.340,.303,.032,.067,.032,83.6,10.6,10,2.5,4.2,25.6,27.1,31.3,9.4,25.1,66.6,11.4,29.4,33.9,66.1,100,295,50.7,1003,72.7,7.0,332,481,2012,88.6,74,649,49.3,974,42.9,849,18.5,47.4,34.2,41.1,24.6,406,28.6,47.0,191,21.2,86,22.4,91,9.4,38,
Garcia, Leury,2019,28,577,618,161,123,27,3,8,139,21,22.5,3.4,.279,.378,.304,.682,.245,.343,.297,.273,.278,.095,.366,.333,.365,.321,.034,.035,.024,86.6,4.8,17,3.8,3.1,25.2,17.7,44.9,5.3,29.5,72.2,16.7,35.5,40.7,59.3,157,386,50.2,1086,75.8,8.4,316,605,2163,83.3,130,777,49.8,1076,43.0,929,24.7,53.8,30.8,37.2,32.1,452,35.3,54.9,248,15.9,72,26.8,121,2.4,11,
Grichuk, Randal,2019,28,586,628,136,71,29,5,31,163,35,26.0,5.6,.232,.457,.280,.738,.232,.409,.311,.299,.282,.175,.394,.376,.320,.322,.000,.049,.012,89.3,16.2,36,8.5,7.3,20.7,30.6,31.8,1.2,39.8,69.4,16.7,33.3,48.8,51.2,209,428,53.2,1284,84.6,7.5,277,876,2413,83.3,131,783,46.8,1129,41.7,1006,28.1,50.2,43.5,36.0,20.5,425,29.3,39.8,169,26.4,112,21.4,91,12.5,53,
Trout, Mike,2019,28,470,600,137,63,27,2,45,120,110,20.0,18.3,.291,.645,.438,1.083,.303,.644,.442,.454,.449,.339,.512,.532,.387,.406,-0.012,.001,-0.012,90.7,22.2,66,18.6,7.1,23.7,29.7,17.5,3.4,44.3,57.7,13.3,17.9,36.1,63.9,84,233,52.7,1304,77.7,5.3,220,651,2509,86.7,90,675,47.3,1170,42.9,1061,19.2,36.8,41.5,34.7,23.7,354,15.5,25.4,90,36.2,128,29.4,104,9.0,32,
Harper, Bryce,2019,27,573,682,149,77,36,1,35,178,99,26.1,14.5,.260,.510,.372,.882,.276,.531,.370,.388,.386,.253,.459,.489,.373,.397,-0.016,-0.021,-0.018,91.3,13.1,59,14.8,7.5,25.3,21.1,27.1,4.3,45.6,74.2,24.4,29.6,51.5,48.5,247,480,58.1,1620,87.5,5.5,436,781,2787,75.6,211,866,41.9,1167,41.7,1162,34.0,48.3,36.8,39.8,23.3,399,43.3,39.8,159,28.6,114,27.3,109,4.3,17,
Abreu, Jose,2019,32,634,693,180,108,38,1,33,152,36,21.9,5.2,.284,.503,.330,.834,.281,.505,.349,.361,.334,.221,.424,.441,.366,.371,.003,-0.002,-0.012,92.1,10.9,63,12.8,6.1,25.2,18.9,35.4,1.6,48.2,66.4,14.6,34.8,43.2,56.8,220,509,53.5,1463,70.5,6.9,245,884,2735,85.4,123,845,46.5,1272,40.9,1118,25.3,49.5,39.4,34.8,25.8,492,22.8,46.3,228,21.1,104,26.6,131,5.9,29,
Narvaez, Omar,2019,27,428,482,119,85,12,0,22,92,47,19.1,9.8,.278,.460,.353,.813,.245,.400,.349,.318,.324,.152,.392,.349,.351,.310,.033,.060,.031,85.4,17.8,18,5.3,5.9,28.0,31.3,25.4,4.1,27.5,72.2,19.0,26.3,31.5,68.5,84,267,52.9,1016,82.5,7.1,266,528,1979,81.0,124,653,47.1,904,42.0,807,22.9,47.7,36.6,35.7,27.7,339,29.5,33.9,115,28.3,96,30.4,103,7.4,25,
Suarez, Eugenio,2019,28,575,662,156,83,22,2,49,189,70,28.5,10.6,.271,.572,.358,.930,.243,.481,.386,.353,.336,.236,.512,.456,.398,.361,.028,.091,.033,89.4,17.8,55,14.0,6.1,23.0,27.6,26.3,3.1,40.8,66.9,19.5,24.1,53.0,47.0,177,334,52.3,1386,77.0,6.9,290,766,2728,80.5,165,846,47.7,1264,44.2,1170,28.7,44.4,50.3,29.1,20.7,392,29.5,36.0,141,31.6,124,24.0,94,8.4,33,
Santana, Domingo,2019,27,451,507,114,72,20,1,21,164,50,32.3,9.9,.253,.441,.327,.769,.252,.470,.330,.345,.329,.215,.454,.480,.394,.395,.001,-0.029,-0.015,89.0,11.7,36,12.5,6.2,29.4,17.3,30.1,4.5,42.1,69.4,24.3,24.8,53.3,46.7,138,259,50.6,1046,86.1,8.0,270,646,2127,75.7,172,709,49.4,1022,41.1,850,31.9,46.8,34.9,38.8,26.3,289,36.7,43.3,125,24.2,70,30.4,88,2.1,6,
Urshela, Gio,2019,28,442,476,139,84,34,0,21,87,25,18.3,5.3,.314,.534,.355,.889,.293,.488,.374,.353,.336,.193,.438,.411,.387,.361,.021,.046,.021,90.5,13.6,25,7.0,8.1,29.2,23.4,30.6,1.7,40.6,74.3,17.8,40.0,29.6,70.4,111,375,52.3,937,79.8,6.9,183,601,1798,82.2,113,636,47.7,856,40.5,727,22.2,56.5,37.3,38.2,24.2,359,42.2,41.5,149,23.1,83,29.8,107,5.6,20,
Sanchez, Yolmer,2019,27,496,555,125,99,20,4,2,117,44,21.1,7.9,.252,.321,.314,.634,.238,.313,.283,.278,.306,.073,.318,.311,.327,.310,.014,.008,.005,85.6,12.8,4,1.0,5.4,28.3,28.3,32.9,4.1,27.1,66.5,16.4,30.6,36.2,63.8,128,354,51.5,1156,73.2,7.3,359,484,2246,83.6,119,724,48.5,1089,42.7,958,22.9,48.0,29.8,37.5,32.6,389,24.3,45.0,175,21.1,82,25.7,100,8.2,32,
Arenado, Nolan,2019,28,588,662,185,111,31,2,41,93,62,14.0,9.4,.315,.583,.379,.962,.266,.458,.397,.339,.337,.189,.438,.363,.368,.313,.049,.125,.058,89.4,17.7,40,8.0,6.8,23.5,30.8,30.0,1.0,37.4,72.8,12.0,34.9,35.2,64.8,166,471,56.5,1350,78.7,6.9,236,718,2391,88.0,91,758,43.5,1041,38.2,914,20.9,51.4,39.2,38.4,22.5,503,35.5,36.8,185,26.2,132,25.2,127,11.7,59,
Muncy, Max,2019,29,487,589,122,64,22,1,35,149,90,25.3,15.3,.251,.515,.374,.889,.264,.501,.377,.383,.386,.234,.452,.462,.357,.378,-0.013,.014,-0.006,89.7,14.2,42,12.3,7.9,26.0,23.1,27.5,3.2,43.4,62.6,23.0,19.6,45.8,54.2,121,264,52.7,1347,75.5,6.1,363,764,2581,77.0,174,756,47.3,1207,42.4,1083,29.0,39.9,42.1,35.1,22.8,342,24.1,38.6,132,29.8,102,27.2,93,4.4,15,
Myers, Wil,2019,29,435,490,104,63,22,1,18,168,51,34.3,10.4,.239,.418,.320,.739,.237,.419,.320,.324,.320,.179,.447,.452,.388,.384,.003,.000,-0.004,88.9,11.1,30,11.2,8.6,22.7,21.9,30.1,5.6,40.8,62.3,25.1,27.2,47.8,52.2,140,293,52.8,1076,71.3,6.3,234,643,2039,74.9,150,598,47.2,960,42.2,859,32.5,43.8,38.3,39.8,21.9,269,30.9,44.6,120,20.8,56,26.0,70,8.6,23,
Voit, Luke,2019,28,429,510,113,70,21,1,21,142,71,27.8,13.9,.263,.464,.378,.842,.245,.479,.364,.365,.363,.231,.453,.456,.392,.365,.018,-0.015,-0.001,89.7,12.8,38,13.2,7.3,22.2,23.6,29.9,3.8,40.4,76.6,25.7,22.4,62.7,37.3,153,244,54.1,1090,90.9,7.1,234,726,2016,74.3,182,709,45.9,925,40.9,825,35.1,47.3,43.1,37.2,19.8,288,43.1,40.6,117,27.1,78,29.2,84,3.1,9,
Walker, Christian,2019,28,529,603,137,81,26,1,29,155,67,25.7,11.1,.259,.476,.348,.825,.259,.495,.350,.361,.349,.234,.433,.451,.365,.366,.000,-0.019,-0.011,91.1,14.8,49,13.1,6.7,23.5,24.0,30.1,2.7,48.4,75.0,22.1,23.8,48.3,51.7,143,296,51.5,1242,85.4,7.1,248,699,2413,77.9,194,877,48.5,1169,40.6,978,28.8,48.7,36.3,40.0,23.7,375,33.7,42.7,160,27.5,103,22.7,85,7.2,27,
Carpenter, Matt,2019,34,416,492,94,57,20,2,15,129,63,26.2,12.8,.226,.392,.333,.725,.226,.404,.319,.328,.336,.176,.368,.384,.322,.324,.001,-0.011,-0.009,87.2,18.1,23,7.8,8.5,23.5,31.7,22.5,5.8,31.1,61.0,18.8,20.7,45.6,54.4,104,228,51.9,1102,77.0,6.4,375,524,2165,81.2,117,622,48.1,1020,44.9,953,25.7,40.2,44.7,30.7,24.6,293,21.8,34.5,101,34.8,102,25.3,74,5.5,16,
Dozier, Brian,2019,32,416,482,99,59,20,0,20,105,61,21.8,12.7,.238,.430,.340,.771,.233,.411,.333,.329,.337,.176,.372,.366,.317,.312,.005,.019,.004,88.3,19.0,21,6.7,7.1,27.2,32.7,22.4,3.8,34.9,61.5,16.8,19.6,44.9,55.1,96,214,53.5,1092,68.3,6.8,192,657,2045,83.2,98,585,46.5,951,41.3,843,24.3,39.1,51.0,29.2,19.9,312,21.0,35.9,112,29.8,93,24.0,75,10.3,32,
Iglesias, Jose,2019,29,504,530,145,110,21,3,11,70,20,13.2,3.8,.288,.407,.317,.724,.268,.358,.309,.287,.300,.086,.341,.314,.333,.311,.020,.049,.022,84.0,7.0,11,2.5,2.3,25.4,17.6,46.2,5.9,23.9,66.8,10.1,45.8,22.3,77.7,104,466,54.3,1017,65.1,6.9,169,568,1936,89.9,58,572,45.7,856,42.4,795,15.3,55.4,33.6,42.3,24.0,437,27.2,53.3,233,16.9,74,24.0,105,5.7,25,
Bryant, Kris,2019,27,543,634,153,86,35,1,31,145,74,22.9,11.7,.282,.521,.382,.903,.241,.437,.384,.344,.347,.194,.455,.391,.383,.327,.041,.084,.040,87.4,19.3,37,9.3,6.8,22.0,31.0,28.3,2.8,34.1,74.1,21.0,27.1,45.1,54.9,164,364,54.6,1344,80.4,6.6,299,755,2486,79.0,174,827,45.4,1116,41.6,1024,28.4,48.4,43.3,33.5,23.3,400,33.1,36.3,145,28.5,114,24.0,96,11.3,45,
Canha, Mark,2019,30,410,497,112,67,16,3,26,107,67,21.5,13.5,.273,.517,.396,.913,.244,.446,.390,.359,.372,.200,.442,.393,.367,.328,.029,.071,.031,89.1,15.0,29,9.5,5.9,22.6,27.2,31.8,3.0,41.1,60.3,17.6,22.1,36.7,63.3,88,240,51.9,1086,71.2,7.5,259,704,2106,82.4,107,607,48.1,1006,39.7,831,22.9,40.5,49.2,29.5,21.3,305,23.7,41.0,125,23.9,73,23.0,70,12.1,37,
Castellanos, Nicholas,2019,27,615,664,178,90,58,3,27,143,41,21.5,6.2,.289,.525,.337,.863,.275,.518,.362,.360,.325,.240,.440,.437,.375,.358,.014,.007,.002,89.0,13.9,53,11.2,9.3,25.1,23.8,26.7,4.0,41.4,74.6,14.2,38.4,47.3,52.7,241,509,54.9,1327,85.5,6.6,280,839,2436,85.8,116,815,45.1,1092,41.3,1000,26.9,54.7,37.9,35.2,26.9,475,38.4,38.9,185,28.6,136,27.8,132,4.6,22,
Machado, Manny,2019,27,587,661,150,95,21,2,32,128,65,19.4,9.8,.256,.462,.334,.796,.260,.444,.339,.339,.339,.182,.381,.381,.325,.331,-0.004,.018,.000,91.2,13.0,37,8.0,8.0,22.7,27.1,32.7,1.5,43.7,69.1,14.8,28.4,42.7,57.3,162,379,55.2,1334,78.8,6.5,254,679,2418,85.2,111,749,44.8,1084,41.3,998,24.2,46.7,31.4,41.1,27.5,462,36.9,42.2,195,25.8,119,21.4,99,10.6,49,
Moran, Colin,2019,27,466,503,129,85,30,1,13,117,30,23.3,6.0,.277,.429,.322,.751,.256,.421,.319,.311,.303,.162,.393,.382,.365,.339,.021,.008,.008,88.2,12.3,26,7.4,6.5,27.8,22.7,32.6,3.1,34.8,75.6,16.0,35.5,39.7,60.3,139,350,55.3,985,86.9,6.0,252,475,1808,84.0,96,601,44.7,795,43.3,771,24.8,53.5,40.2,36.5,23.2,353,42.3,43.9,155,19.3,68,30.0,106,6.8,24,
Pederson, Joc,2019,27,450,514,112,57,16,3,36,111,50,21.6,9.7,.249,.538,.339,.876,.251,.464,.367,.347,.340,.210,.428,.399,.328,.331,-0.002,.074,.020,90.9,15.3,35,10.3,5.0,20.5,30.2,31.4,2.6,43.5,68.3,17.5,26.2,39.5,60.5,113,286,53.6,1091,77.2,7.1,346,458,2054,82.5,113,645,46.4,945,42.4,864,24.2,45.8,46.0,35.5,18.5,341,23.3,42.5,145,26.1,89,21.1,72,10.3,35,
Realmuto, J.T.,2019,28,538,593,148,84,36,3,25,123,41,20.7,6.9,.275,.493,.327,.820,.274,.455,.344,.341,.333,.178,.408,.404,.350,.357,.001,.038,.003,90.3,14.4,37,8.7,7.6,24.6,26.7,30.0,2.4,40.9,70.3,16.6,32.7,38.1,61.9,151,396,52.0,1211,74.1,6.8,238,773,2332,83.4,131,787,48.0,1120,44.9,1046,23.8,50.7,40.7,34.5,24.8,423,31.9,39.7,168,23.9,101,28.4,120,8.0,34,
Renfroe, Hunter,2019,27,440,494,95,42,19,1,33,154,46,31.2,9.3,.216,.489,.289,.778,.213,.429,.325,.308,.288,.213,.437,.409,.325,.322,.003,.060,.017,89.9,19.1,35,12.0,5.5,21.2,33.2,25.3,2.7,39.4,64.9,21.5,29.5,48.0,52.0,153,319,53.5,1082,71.9,6.7,171,721,2023,78.5,131,609,46.5,939,40.5,819,30.6,45.9,53.4,32.9,13.7,292,31.8,35.6,104,32.9,96,20.2,59,11.3,33,
Rosario, Eddie,2019,28,562,590,155,94,28,1,32,86,22,14.6,3.7,.276,.500,.300,.800,.264,.474,.333,.326,.292,.207,.378,.369,.322,.312,.012,.026,.007,89.1,16.7,41,8.5,7.1,20.7,31.3,30.5,1.9,36.0,80.7,15.8,43.1,29.2,70.8,146,500,56.8,1161,86.1,6.0,377,635,2068,84.2,113,713,43.2,883,41.0,838,21.3,59.1,44.4,35.5,20.1,482,41.9,37.8,182,29.7,143,23.4,113,9.1,44,
Yelich, Christian,2019,28,489,580,161,85,29,3,44,118,80,20.3,13.8,.329,.671,.429,1.100,.310,.604,.448,.424,.414,.291,.542,.504,.430,.406,.020,.068,.024,93.1,11.2,59,15.8,6.4,23.8,20.3,31.0,2.7,49.1,69.9,16.1,27.9,49.6,50.4,184,371,58.7,1331,81.3,4.9,340,618,2284,83.9,105,654,41.3,936,40.8,924,28.2,45.2,35.8,40.6,23.3,374,29.5,42.8,160,28.1,105,24.1,90,5.1,19,
Merrifield, Whit,2019,30,681,735,206,139,41,10,16,126,45,17.1,6.1,.302,.463,.348,.811,.283,.420,.344,.325,.330,.135,.393,.368,.369,.345,.019,.043,.019,86.4,15.3,24,4.3,5.7,30.4,27.5,28.6,3.4,28.9,67.6,14.2,30.7,33.1,66.9,141,426,50.2,1389,68.9,7.1,297,874,2773,85.8,132,932,49.8,1379,43.7,1210,20.1,49.0,34.5,37.6,27.9,559,25.2,38.5,215,23.1,129,32.4,181,6.1,34,
Bogaerts, Xander,2019,27,614,698,190,105,52,0,33,122,76,17.5,10.9,.309,.555,.384,.939,.276,.465,.394,.357,.357,.187,.446,.393,.382,.343,.033,.090,.037,90.6,13.1,43,8.6,7.0,23.7,26.1,32.7,1.8,43.7,56.2,13.9,27.4,34.0,66.0,140,412,52.5,1502,66.1,7.6,285,946,2862,86.1,106,763,47.5,1357,43.2,1235,20.9,41.1,36.5,39.6,23.9,498,13.8,42.6,212,26.3,131,23.3,116,7.8,39,
Alberto, Hanser,2019,27,524,550,160,125,21,2,12,50,16,9.1,2.9,.305,.422,.327,.749,.283,.383,.322,.301,.308,.095,.340,.316,.335,.312,.022,.039,.021,82.8,10.7,14,2.9,2.7,27.1,24.6,34.2,8.5,18.3,73.5,8.2,44.7,23.8,76.2,99,416,52.8,930,77.2,7.7,172,581,1762,91.8,50,611,47.2,831,41.0,722,14.6,58.3,38.3,37.9,23.8,480,38.0,48.1,231,22.9,110,23.5,113,5.4,26,
Polanco, Jorge,2019,26,631,704,186,117,40,7,22,116,60,16.5,8.5,.295,.485,.355,.840,.275,.451,.356,.342,.340,.175,.396,.376,.356,.335,.020,.034,.014,87.0,17.9,35,6.7,8.2,26.7,31.5,23.3,3.6,33.0,65.2,10.5,26.6,32.0,68.0,126,394,53.8,1479,71.8,6.4,551,674,2771,89.5,87,829,46.2,1272,41.7,1148,17.4,44.6,34.7,39.1,26.1,524,23.6,31.9,167,29.0,152,30.9,162,8.2,43,
Calhoun, Kole,2019,32,552,632,128,65,29,1,33,162,70,25.6,11.1,.232,.467,.324,.792,.240,.452,.334,.337,.333,.210,.408,.413,.327,.340,-0.008,.015,-0.003,89.3,14.7,44,11.2,8.4,24.5,24.0,28.6,3.3,42.6,73.1,22.3,26.0,57.2,42.8,187,327,53.1,1257,84.1,7.7,411,657,2389,77.7,181,812,46.9,1111,41.5,982,32.2,48.1,47.4,33.2,19.4,392,36.4,41.3,162,28.3,111,25.0,98,5.4,21,
Eaton, Adam,2019,31,566,656,158,111,25,7,15,106,65,16.2,9.9,.279,.428,.360,.787,.273,.408,.345,.340,.360,.131,.365,.358,.341,.334,.006,.020,.005,86.6,13.2,18,3.8,6.4,26.3,28.8,28.4,6.4,34.2,61.8,11.2,26.3,31.8,68.2,117,368,52.6,1400,67.3,7.7,296,697,2664,88.8,87,780,47.4,1262,41.7,1109,17.8,43.1,29.4,39.0,31.6,472,16.9,42.4,200,23.3,110,25.6,121,8.7,41,
Kiermaier, Kevin,2019,29,447,480,102,61,20,7,14,104,26,21.7,5.4,.228,.398,.277,.675,.244,.383,.287,.295,.293,.136,.340,.350,.297,.318,-0.016,.015,-0.008,88.9,6.7,19,5.5,4.3,23.5,20.3,43.5,2.9,37.8,75.1,15.9,34.9,44.3,55.7,141,318,51.1,912,75.7,8.3,256,544,1784,84.1,104,654,48.9,871,41.8,746,25.2,54.5,32.5,45.2,22.3,345,35.4,53.3,184,18.3,63,20.9,72,7.5,26,
Profar, Jurickson,2019,26,459,518,100,54,24,2,20,75,48,14.5,9.3,.218,.410,.301,.711,.247,.407,.305,.321,.327,.157,.310,.331,.258,.293,-0.029,.003,-0.016,86.7,14.2,24,6.2,4.9,23.5,28.9,32.6,3.9,30.9,65.4,12.7,26.2,37.3,62.7,103,276,52.0,1055,80.1,7.2,397,456,2061,87.3,81,636,48.0,973,42.4,860,20.2,45.2,47.0,31.0,22.0,387,26.8,42.9,166,23.3,90,23.3,90,10.6,41,
Baez, Javier,2019,27,531,561,149,78,38,4,29,156,28,27.8,5.0,.281,.531,.316,.847,.267,.485,.352,.334,.303,.215,.475,.449,.395,.376,.014,.046,.018,91.0,7.6,48,12.7,5.0,22.3,17.8,38.2,4.0,43.6,73.2,24.8,42.2,49.1,50.9,239,487,58.1,1153,75.6,6.0,196,691,2002,75.2,151,609,41.9,832,40.1,796,35.7,55.2,31.6,40.6,27.9,377,46.5,50.4,190,22.5,85,24.7,93,2.4,9,
Lindor, Francisco,2019,26,598,654,170,96,40,2,32,98,46,15.0,7.0,.284,.518,.335,.853,.270,.443,.354,.329,.324,.170,.396,.364,.336,.321,.014,.075,.025,90.6,11.9,38,7.5,4.7,23.3,27.0,35.5,2.0,40.6,72.3,10.3,31.7,30.8,69.3,123,400,52.4,1260,77.1,6.9,412,595,2426,89.7,85,828,47.6,1146,42.2,1015,17.1,51.2,41.4,36.5,22.1,507,26.3,45.0,228,22.5,114,24.3,123,8.3,42,
Odor, Rougned,2019,25,522,581,107,46,30,1,30,178,52,30.6,9.0,.205,.439,.282,.721,.222,.445,.306,.319,.298,.221,.402,.425,.310,.336,-0.017,-0.006,-0.013,89.4,16.2,47,13.6,6.4,18.2,29.2,27.2,5.5,45.6,66.8,20.0,29.7,48.6,51.4,177,364,52.5,1226,76.7,7.0,309,707,2349,80.0,148,740,47.5,1108,42.2,986,29.4,47.3,45.7,35.8,18.5,346,30.5,38.4,133,28.9,100,21.7,75,11.0,38,
Story, Trevor,2019,27,588,656,173,95,38,5,35,174,58,26.5,8.8,.294,.554,.363,.917,.260,.446,.385,.338,.333,.184,.498,.424,.415,.368,.034,.108,.047,90.9,17.3,36,8.6,7.2,28.1,28.8,24.9,2.4,45.8,70.1,17.5,28.5,45.9,54.1,187,407,53.1,1426,82.0,6.2,292,828,2684,82.5,154,881,46.9,1257,41.8,1122,26.5,48.0,37.4,34.5,27.8,417,31.6,33.8,141,28.1,117,30.0,125,8.2,34,
Vogelbach, Daniel,2019,27,462,558,96,49,17,0,30,149,92,26.7,16.5,.208,.439,.341,.780,.222,.425,.337,.343,.354,.201,.393,.403,.305,.328,-0.014,.014,-0.006,88.9,17.2,34,10.8,6.3,21.9,32.7,24.4,3.8,37.7,51.0,21.2,19.5,39.2,60.8,104,265,54.2,1361,54.6,6.5,378,796,2532,78.8,124,586,45.8,1150,43.0,1079,26.9,34.0,37.5,36.8,25.7,315,17.9,33.7,106,29.2,92,27.9,88,9.2,29,
Kepler, Max,2019,26,524,596,132,64,32,0,36,99,60,16.6,10.1,.252,.519,.336,.855,.257,.439,.360,.340,.341,.180,.390,.362,.308,.315,-0.005,.080,.020,89.7,18.2,38,8.9,7.5,22.1,32.4,27.3,1.9,41.7,73.8,10.6,27.6,42.9,57.1,135,315,53.2,1141,84.5,7.2,334,556,2160,89.4,79,742,46.8,1005,41.2,884,20.1,49.3,50.8,30.1,19.1,429,40.4,35.9,154,29.8,128,21.7,93,12.6,54,
Choi, Ji-Man,2019,28,410,487,107,66,20,2,19,108,64,22.2,13.1,.261,.459,.363,.822,.258,.472,.352,.362,.363,.211,.399,.416,.346,.346,.003,-0.013,-0.010,91.1,12.6,35,11.3,7.1,24.3,23.0,31.4,2.9,42.4,68.0,18.1,20.2,47.7,52.3,103,216,53.0,1070,83.7,7.3,373,538,2020,81.9,117,646,47.0,950,41.3,834,25.5,42.7,33.3,42.7,23.9,309,26.1,41.4,128,26.9,83,27.8,86,3.9,12,
Bradley Jr., Jackie,2019,29,494,567,111,59,28,3,21,155,56,27.3,9.9,.225,.421,.316,.737,.238,.420,.317,.328,.329,.179,.389,.407,.326,.345,-0.013,.001,-0.011,89.7,8.7,34,9.9,6.1,21.8,20.6,38.7,2.9,43.0,68.6,26.0,28.2,48.4,51.6,154,318,51.1,1129,75.3,7.3,369,621,2210,74.0,193,742,48.9,1081,41.9,927,32.7,48.0,37.2,39.2,23.5,344,35.4,50.9,175,24.4,84,19.8,68,4.9,17,
Nunez, Renato,2019,25,541,599,132,77,24,0,31,143,44,23.9,7.3,.244,.460,.311,.771,.249,.453,.327,.332,.316,.203,.395,.402,.328,.336,-0.005,.007,-0.005,89.9,20.0,43,10.7,5.5,24.4,32.8,23.9,2.7,40.6,67.9,17.1,34.5,43.9,56.1,206,469,55.2,1359,72.3,6.5,280,831,2464,82.9,128,750,44.8,1104,40.8,1005,27.4,49.5,41.8,31.8,26.4,402,23.0,33.3,134,27.9,112,25.6,103,13.2,53,
Ahmed, Nick,2019,29,556,625,141,83,33,6,19,113,52,18.1,8.3,.254,.437,.315,.752,.252,.403,.318,.315,.318,.148,.353,.348,.310,.313,.002,.034,.003,87.5,7.5,30,6.6,5.5,23.5,22.6,37.9,3.9,33.8,72.2,14.0,27.8,39.3,60.7,133,338,51.6,1215,85.1,7.4,216,718,2357,86.0,115,824,48.4,1141,42.4,998,21.3,49.3,33.6,41.7,24.8,456,36.2,48.5,221,22.8,104,24.3,111,4.4,20,
Anderson, Brian,2019,26,459,520,120,66,33,1,20,114,44,21.9,8.5,.261,.468,.342,.811,.257,.443,.346,.343,.340,.185,.402,.397,.345,.342,.004,.025,.003,89.9,11.1,31,8.9,7.2,25.0,22.4,33.6,2.9,45.7,65.1,16.3,31.9,47.7,52.3,155,325,52.9,1019,74.6,7.0,208,518,1925,83.7,96,590,47.1,906,42.0,808,27.4,47.5,31.6,39.1,29.3,348,32.5,45.7,159,24.1,84,23.9,83,6.3,22,
Bell, Josh,2019,27,527,613,146,69,37,3,37,118,74,19.2,12.1,.277,.569,.367,.936,.280,.539,.384,.383,.371,.256,.443,.442,.351,.357,-0.003,.030,.001,92.3,13.0,53,12.7,7.7,20.7,23.8,33.4,1.7,47.1,76.6,19.8,27.6,37.0,63.0,143,387,58.1,1401,87.2,5.2,514,539,2442,80.2,153,774,41.9,1010,42.0,1012,25.3,48.1,38.9,35.6,25.2,416,38.0,44.0,183,26.9,112,22.8,95,6.3,26,
Betts, Mookie,2019,27,597,706,176,102,40,5,29,101,97,14.3,13.7,.295,.524,.391,.915,.302,.539,.385,.401,.400,.235,.404,.427,.349,.361,-0.007,-0.015,-0.016,91.0,19.1,52,10.3,8.5,26.7,29.5,23.0,2.0,46.6,59.3,7.9,18.7,34.2,65.8,96,281,51.7,1501,66.0,7.1,290,811,2909,92.1,66,833,48.3,1404,42.2,1227,14.5,38.3,39.4,38.2,22.4,505,16.4,31.9,161,30.5,154,29.1,147,8.5,43,
Panik, Joe,2019,29,438,491,107,79,21,2,5,47,43,9.6,8.8,.244,.336,.314,.649,.244,.357,.286,.301,.317,.107,.274,.293,.271,.273,.000,-0.021,-0.015,86.3,12.3,8,2.0,6.0,24.4,28.5,36.0,3.0,25.6,63.7,6.4,21.4,21.7,78.3,45,207,51.8,969,68.5,7.8,315,426,1877,93.6,37,575,48.2,902,44.5,832,10.6,41.9,34.5,39.3,26.2,397,14.5,44.6,177,22.4,89,25.7,102,7.3,29,
Smith, Mallex,2019,26,510,566,116,82,19,9,6,141,42,24.9,7.4,.227,.335,.299,.634,.221,.294,.280,.269,.295,.068,.328,.310,.314,.307,.006,.041,.011,84.3,7.2,8,2.2,3.5,21.2,24.2,45.7,3.2,19.8,68.5,22.9,25.9,43.9,56.1,125,285,49.4,1100,73.8,8.6,288,589,2242,77.1,177,772,50.6,1127,42.0,936,28.6,47.3,28.0,41.4,30.6,372,28.1,51.9,193,19.4,72,21.8,81,7.0,26,
Arcia, Orlando,2019,25,494,546,110,78,16,1,15,109,43,20.0,7.9,.223,.350,.282,.632,.228,.349,.272,.280,.291,.118,.306,.317,.281,.292,-0.005,.001,-0.008,87.5,6.3,18,4.6,4.6,21.9,22.6,41.7,4.6,30.8,65.0,18.0,30.3,38.4,61.6,123,320,50.8,1055,76.3,8.1,170,719,2100,82.0,120,665,49.2,1023,40.4,840,24.6,47.5,31.3,44.0,24.7,393,28.6,52.7,207,20.6,81,21.9,86,4.8,19,
Marte, Ketel,2019,26,569,628,187,110,36,9,32,86,53,13.7,8.4,.329,.592,.389,.981,.295,.500,.410,.368,.358,.202,.451,.396,.386,.347,.034,.092,.042,89.8,11.5,45,9.3,5.8,25.4,23.7,33.4,2.5,40.0,70.5,11.3,28.3,31.1,68.9,115,370,54.5,1308,77.3,6.4,433,580,2402,88.7,87,771,45.5,1094,42.3,1016,17.7,47.5,40.2,38.1,21.6,485,28.5,43.7,212,23.7,115,26.4,128,6.2,30,
Turner, Trea,2019,26,521,569,155,94,37,5,19,113,43,19.9,7.6,.298,.497,.353,.850,.278,.440,.361,.336,.336,.159,.423,.390,.378,.354,.020,.058,.025,90.3,9.7,28,6.8,6.3,26.1,21.2,38.0,1.5,41.5,67.1,12.5,29.0,45.1,54.9,157,348,53.6,1198,70.9,7.1,205,747,2233,87.5,87,695,46.4,1035,43.3,967,23.4,46.7,38.5,36.6,24.9,410,26.9,47.6,195,21.5,88,23.7,97,7.3,30,
Pillar, Kevin,2019,30,611,645,158,97,37,3,21,89,18,13.8,2.8,.259,.432,.287,.719,.257,.392,.301,.295,.289,.132,.335,.327,.299,.301,.002,.040,.006,86.0,13.9,26,4.9,5.7,22.7,28.0,33.5,5.3,30.7,72.9,9.1,46.9,29.0,71.0,159,548,55.1,1168,79.2,6.1,238,677,2127,90.9,63,695,44.9,953,41.2,873,17.8,58.6,45.2,32.3,22.5,529,38.9,45.2,239,21.4,113,23.4,124,10.0,53,
Ramirez, Jose,2019,27,482,542,123,64,33,3,23,74,52,13.7,9.6,.255,.479,.327,.806,.270,.448,.339,.344,.343,.176,.356,.362,.297,.319,-0.015,.031,-0.005,89.1,19.8,26,6.3,7.0,25.1,36.5,22.9,2.2,35.7,63.8,8.9,22.8,28.2,71.8,73,259,52.5,1134,80.0,7.6,399,569,2173,91.1,58,655,47.5,1026,44.2,955,14.6,42.3,48.1,31.4,20.5,414,15.7,33.8,140,29.7,123,25.6,106,10.9,45,
Bregman, Alex,2019,25,554,690,164,84,37,2,41,83,119,12.0,17.2,.296,.592,.423,1.015,.266,.447,.423,.374,.402,.178,.426,.356,.342,.312,.030,.145,.049,89.3,19.6,26,5.4,9.8,24.0,34.2,25.5,1.0,37.5,57.2,10.0,15.8,28.3,71.7,69,244,53.9,1540,67.8,7.2,392,801,2915,90.0,75,752,46.1,1315,41.7,1191,14.3,35.1,42.8,39.2,18.0,479,17.4,31.7,152,29.9,143,26.9,129,11.5,55,
Seager, Corey,2019,25,489,541,133,69,44,1,19,98,44,18.1,8.1,.272,.483,.335,.817,.256,.443,.344,.329,.321,.184,.390,.369,.337,.317,.016,.040,.015,88.8,14.1,29,7.3,6.8,22.5,29.9,32.2,1.3,37.9,77.8,17.3,26.7,48.5,51.5,128,264,52.2,990,88.5,6.0,322,523,1909,82.7,122,705,47.8,906,42.8,812,25.7,51.1,33.9,38.2,27.8,395,41.8,39.0,154,28.1,111,26.6,105,6.3,25,
Reyes, Franmil,2019,24,494,548,123,67,19,0,37,156,47,28.5,8.6,.249,.512,.310,.822,.261,.520,.343,.360,.325,.258,.452,.479,.357,.380,-0.012,-0.008,-0.017,93.3,9.5,51,14.8,9.0,23.2,18.8,32.2,2.0,51.0,76.8,26.9,30.1,57.2,42.8,198,346,54.2,1148,85.6,5.9,218,713,2119,73.1,201,746,45.8,971,43.6,924,36.5,51.5,32.2,42.9,24.9,345,39.1,43.8,151,26.7,92,25.5,88,4.1,14,
Swanson, Dansby,2019,25,483,545,121,75,26,3,17,124,51,22.8,9.4,.251,.422,.325,.747,.268,.457,.320,.346,.343,.186,.374,.413,.332,.359,-0.017,-0.035,-0.026,89.8,14.2,37,10.1,6.0,27.1,26.8,27.9,1.9,41.6,68.8,20.7,24.6,45.2,54.8,128,283,51.8,1151,75.3,6.6,219,705,2223,79.3,152,735,48.2,1069,43.6,967,27.6,45.9,37.8,36.4,25.8,365,26.4,37.3,136,28.2,103,29.6,108,4.9,18,
Newman, Kevin,2019,26,493,531,152,114,20,6,12,62,28,11.7,5.3,.308,.446,.352,.798,.288,.380,.343,.314,.334,.088,.365,.330,.352,.328,.020,.066,.029,84.7,8.1,9,2.1,2.8,28.3,23.0,39.4,4.4,24.4,69.7,7.3,33.6,25.9,74.1,86,332,52.8,987,77.6,6.7,183,613,1882,92.7,45,614,47.2,881,43.0,804,13.9,50.6,32.3,39.9,27.9,434,33.1,50.0,217,18.9,82,26.3,114,4.8,21,
Olson, Matt,2019,25,483,547,129,67,26,0,36,138,51,25.2,9.3,.267,.545,.351,.896,.273,.552,.373,.384,.357,.278,.470,.486,.373,.382,-0.006,-0.007,-0.011,91.9,18.3,50,14.5,9.0,23.7,27.2,22.0,3.8,50.3,66.5,26.6,24.9,33.0,67.0,95,288,51.3,1158,74.1,7.0,328,591,2288,73.4,195,732,48.7,1101,42.9,969,28.2,45.2,49.7,32.1,18.2,346,21.2,33.8,117,30.3,105,26.0,90,9.8,34,
Alonso, Pete,2019,25,597,693,155,70,30,2,53,183,72,26.4,10.4,.260,.583,.358,.941,.252,.522,.390,.374,.353,.268,.497,.471,.372,.363,.008,.061,.016,90.6,14.8,66,15.8,7.0,19.2,23.7,30.7,3.6,42.3,67.2,19.2,31.9,41.8,58.2,214,512,58.4,1604,71.0,6.2,319,846,2762,80.8,147,767,41.6,1142,41.4,1138,28.0,46.6,42.4,38.6,18.9,417,28.1,40.8,170,28.3,118,23.3,97,7.7,32,
Conforto, Michael,2019,26,549,648,141,78,29,1,33,149,84,23.0,13.0,.257,.494,.363,.856,.256,.485,.363,.367,.365,.227,.423,.430,.348,.351,.001,.009,-0.004,88.8,15.7,48,11.9,5.2,26.2,28.6,24.0,4.2,39.3,70.3,21.1,25.0,40.7,59.3,142,349,54.4,1395,86.6,5.8,456,686,2587,78.9,174,823,45.6,1170,41.4,1062,27.1,45.7,40.5,33.8,25.7,405,34.4,35.3,143,29.6,120,28.4,115,6.7,27,
Frazier, Adam,2019,28,554,608,154,104,33,7,10,75,40,12.3,6.6,.278,.417,.334,.751,.270,.386,.323,.313,.329,.112,.339,.326,.321,.312,.008,.031,.010,86.3,12.1,9,1.9,6.4,29.1,26.2,33.3,3.1,28.0,69.5,11.2,27.0,27.2,72.8,85,312,50.5,1155,80.6,7.0,269,597,2302,88.8,88,788,49.5,1134,44.4,1016,15.6,48.0,36.6,34.1,29.3,484,22.7,41.9,203,22.9,111,29.1,141,6.0,29,
Puig, Yasiel,2019,29,555,611,148,92,30,2,24,133,44,21.8,7.2,.267,.458,.327,.785,.261,.445,.334,.332,.323,.182,.396,.392,.347,.341,.006,.013,.002,89.9,14.2,41,9.6,5.4,22.5,28.9,31.5,2.1,39.1,77.1,20.6,30.1,46.4,53.6,163,351,52.6,1167,86.2,6.5,201,534,2247,79.4,167,810,47.4,1050,42.9,951,28.2,52.6,32.6,38.7,28.6,426,40.6,39.4,168,23.5,100,26.1,111,11.0,47,
Soler, Jorge,2019,27,589,679,156,74,33,1,48,178,73,26.2,10.8,.265,.569,.352,.921,.272,.573,.384,.394,.360,.299,.489,.505,.376,.387,-0.007,-0.004,-0.010,92.6,15.4,70,16.9,8.2,22.2,22.7,27.5,2.7,49.9,68.0,20.9,24.0,60.2,39.8,216,359,54.4,1494,82.5,6.4,324,1028,2750,79.0,178,853,45.6,1254,41.3,1136,32.5,44.1,46.7,31.1,22.2,415,37.1,39.5,164,27.7,115,25.1,104,7.7,32,
Meadows, Austin,2019,24,530,591,154,85,29,7,33,131,54,22.2,9.1,.291,.558,.364,.922,.277,.520,.385,.370,.352,.241,.468,.447,.386,.368,.014,.038,.015,90.4,16.7,50,12.5,6.8,27.1,25.6,25.3,2.8,42.9,60.7,15.3,24.7,42.1,57.9,134,318,51.5,1286,68.3,7.3,389,675,2497,84.7,112,734,48.5,1210,42.2,1054,23.5,42.2,41.1,38.6,20.3,399,15.4,35.1,140,29.6,118,27.6,110,7.8,31,
Mercado, Oscar,2019,25,438,482,118,75,25,3,15,84,28,17.4,5.8,.269,.443,.313,.756,.260,.389,.324,.308,.312,.126,.366,.345,.330,.321,.009,.054,.016,86.5,13.4,15,4.1,6.3,27.9,26.8,29.6,5.2,33.9,75.4,13.2,27.5,49.4,50.6,121,245,51.7,891,85.6,6.8,183,584,1738,86.8,83,628,48.3,833,43.2,744,23.6,50.7,40.0,35.3,24.7,365,37.8,41.9,153,25.2,92,24.9,91,7.9,29,
Anderson, Tim,2019,26,498,518,167,117,32,0,18,109,15,21.0,2.9,.335,.508,.357,.865,.286,.440,.367,.324,.310,.149,.455,.397,.427,.365,.049,.068,.043,88.3,8.7,20,5.1,5.9,30.2,17.6,37.9,3.3,37.3,75.1,12.3,43.7,43.2,56.8,176,407,52.7,931,81.9,7.2,183,595,1765,87.7,77,626,47.3,834,43.1,760,24.5,58.5,29.2,41.4,29.4,391,35.7,48.1,188,20.7,81,28.4,111,2.8,11,
Bellinger, Cody,2019,24,558,661,170,86,34,3,47,108,95,16.3,14.4,.305,.629,.405,1.034,.318,.610,.420,.427,.419,.291,.474,.484,.374,.393,-0.014,.018,-0.007,90.7,17.6,59,13.0,6.8,27.5,27.9,22.6,2.2,45.5,68.5,19.9,23.6,33.1,66.9,112,338,53.6,1434,80.0,6.0,456,629,2688,80.1,169,849,46.4,1240,42.3,1131,23.5,44.4,47.0,30.3,22.6,455,25.6,32.3,147,30.3,138,29.9,136,7.5,34,
Dozier, Hunter,2019,28,523,586,146,81,29,10,26,148,55,25.3,9.4,.279,.522,.348,.870,.257,.454,.364,.337,.329,.195,.458,.417,.384,.354,.022,.068,.027,91.1,16.7,38,10.0,7.4,24.2,31.1,24.7,2.6,42.6,64.8,13.2,26.8,56.7,43.3,181,319,52.9,1192,74.2,6.9,255,813,2253,86.8,91,687,47.1,1061,43.4,978,27.0,44.7,39.2,35.5,25.3,380,31.7,34.5,131,28.2,107,28.4,108,8.9,34,
Mancini, Trey,2019,27,602,679,175,100,38,2,35,143,63,21.1,9.3,.291,.535,.364,.899,.278,.490,.377,.362,.354,.209,.447,.425,.377,.363,.013,.045,.015,90.3,7.8,48,10.3,7.3,21.8,18.3,39.2,3.0,42.7,67.2,20.3,32.0,38.7,61.3,183,473,54.3,1477,73.8,7.2,341,940,2722,79.7,170,837,45.7,1245,41.2,1122,26.9,48.1,31.7,42.0,26.3,464,32.3,46.3,215,20.7,96,28.4,132,4.5,21,
McMahon, Ryan,2019,25,480,539,120,73,22,1,24,160,56,29.7,10.4,.250,.450,.328,.778,.241,.415,.334,.322,.321,.170,.437,.419,.374,.361,.009,.035,.012,91.4,8.4,29,9.0,7.1,27.3,17.4,36.6,2.5,47.7,74.7,26.6,26.5,47.7,52.3,148,310,52.1,1171,88.3,6.9,332,552,2249,73.4,214,804,47.9,1077,43.2,971,32.5,49.6,31.7,40.4,28.0,322,41.4,51.2,165,19.3,62,25.5,82,4.0,13,
Rosario, Amed,2019,24,616,655,177,125,30,7,15,124,31,18.9,4.7,.287,.432,.322,.754,.288,.409,.322,.319,.325,.118,.378,.374,.358,.359,-0.001,.023,.003,89.2,8.8,21,4.2,4.6,31.0,20.7,37.4,2.0,39.1,69.6,14.2,35.7,41.7,58.3,188,451,53.0,1264,73.4,6.6,244,812,2408,85.8,111,781,47.0,1122,43.3,1032,24.3,51.7,26.2,47.3,26.6,497,29.2,48.3,240,18.7,93,28.4,141,4.6,23,
Adames, Willy,2019,24,531,584,135,89,25,1,20,153,46,26.2,7.9,.254,.418,.315,.733,.245,.420,.316,.317,.309,.171,.396,.398,.356,.344,.009,-0.002,-0.001,87.8,10.0,32,8.4,7.1,25.4,19.9,35.3,3.9,35.5,68.5,18.3,24.8,52.3,47.7,150,287,49.7,1159,80.9,8.1,250,768,2338,81.7,147,805,50.3,1175,42.5,992,27.2,46.8,33.5,40.3,26.2,382,31.2,47.4,181,22.3,85,26.2,100,4.2,16,
Benintendi, Andrew,2019,25,541,615,144,86,40,5,13,140,59,22.8,9.6,.266,.431,.341,.772,.260,.438,.333,.338,.338,.176,.390,.397,.355,.347,.006,-0.007,-0.005,88.6,17.3,33,8.1,7.6,29.3,27.4,24.4,3.2,37.7,77.1,21.0,29.5,34.7,65.3,136,392,54.5,1327,85.4,6.5,335,617,2435,79.0,179,854,45.5,1108,43.0,1048,25.3,51.2,34.5,39.4,26.2,409,38.7,39.1,160,28.1,115,25.4,104,7.3,30,
McNeil, Jeff,2019,27,510,567,162,100,38,1,23,75,35,13.2,6.2,.318,.531,.384,.916,.283,.449,.389,.350,.354,.162,.417,.366,.372,.331,.035,.082,.039,88.4,13.2,21,4.8,7.3,28.9,23.4,31.7,3.9,36.6,83.6,13.9,38.0,32.4,67.6,132,408,52.0,1074,93.7,6.2,314,495,2067,86.1,115,828,48.0,991,43.9,907,20.0,59.9,44.7,31.9,23.4,436,50.6,43.6,190,24.1,105,26.6,116,5.7,25,
Albies, Ozzie,2019,22,640,702,189,114,43,8,24,112,54,16.0,7.7,.295,.500,.352,.852,.285,.469,.358,.348,.344,.181,.401,.388,.355,.345,.010,.031,.010,88.8,15.6,35,6.6,7.0,27.8,29.1,27.1,2.4,33.5,80.4,16.1,34.4,36.6,63.4,170,465,54.2,1352,89.4,6.8,484,660,2494,83.9,148,918,45.8,1142,42.8,1067,23.0,55.5,40.4,39.1,20.5,532,44.2,38.0,202,27.4,146,29.3,156,5.3,28,
Robles, Victor,2019,22,546,617,139,86,33,3,17,140,35,22.7,5.7,.255,.419,.323,.742,.228,.356,.320,.290,.303,.124,.376,.332,.338,.304,.027,.063,.030,81.0,14.5,20,4.8,5.5,21.3,28.1,28.5,11.8,23.0,70.0,14.2,29.2,44.2,55.8,152,344,51.6,1180,80.7,8.4,218,781,2285,85.8,110,773,48.4,1105,43.2,987,23.5,48.9,41.5,34.1,24.5,417,36.5,42.4,177,21.3,89,24.7,103,11.5,48,
Devers, Rafael,2019,23,647,702,201,111,54,4,32,119,48,17.0,6.8,.311,.555,.360,.915,.291,.502,.382,.360,.343,.209,.441,.412,.379,.356,.020,.053,.022,92.1,10.3,48,9.0,9.6,24.5,21.8,33.5,1.5,47.5,75.2,20.0,37.5,31.1,68.9,164,527,53.5,1407,86.3,7.2,381,699,2636,80.0,184,918,46.5,1221,42.5,1118,24.0,54.9,36.5,36.7,26.7,531,39.3,44.8,238,22.8,121,25.6,136,6.8,36,
Jimenez, Eloy,2019,23,468,504,125,74,18,2,31,134,30,26.6,6.0,.267,.513,.315,.828,.263,.498,.348,.346,.313,.232,.452,.449,.372,.368,.004,.015,.002,91.2,9.3,43,12.8,7.1,20.5,20.2,36.9,2.4,47.9,71.3,22.8,33.7,48.9,51.1,174,356,56.7,1057,76.0,5.6,217,712,1864,77.2,131,575,43.3,806,41.4,771,32.8,49.9,34.5,41.7,23.8,336,38.1,47.6,160,23.5,79,22.9,77,6.0,20,
Torres, Gleyber,2019,23,546,604,152,88,26,0,38,129,48,21.4,7.9,.278,.535,.336,.871,.257,.476,.363,.341,.319,.216,.437,.405,.359,.334,.021,.059,.022,89.0,17.4,43,10.1,5.4,22.6,31.4,27.8,2.6,35.8,75.5,19.9,31.1,45.1,54.9,179,397,53.4,1276,85.3,7.4,255,822,2393,80.1,167,840,46.6,1113,39.8,951,28.0,51.8,41.0,35.1,23.8,424,36.4,37.5,159,30.0,127,24.3,103,8.3,35,
Chapman, Matt,2019,26,583,670,145,70,36,3,36,147,73,21.9,10.9,.249,.506,.342,.848,.252,.489,.359,.360,.345,.235,.415,.416,.330,.335,-0.003,.017,-0.001,92.6,16.3,54,12.3,7.5,18.7,28.7,31.4,1.4,48.7,62.4,19.1,22.6,36.5,63.5,116,318,51.0,1405,76.6,7.0,301,823,2805,80.9,161,842,49.0,1349,42.6,1172,23.7,42.0,39.0,37.1,23.9,439,25.2,41.7,183,28.0,123,19.1,84,11.2,49,
Hoskins, Rhys,2019,26,570,705,129,62,33,5,29,173,116,24.5,16.5,.226,.454,.363,.818,.216,.405,.351,.339,.358,.188,.399,.378,.320,.309,.010,.049,.012,89.7,24.0,39,9.7,8.2,21.8,38.5,19.9,2.0,38.7,58.2,17.0,22.0,38.0,62.0,141,371,52.4,1688,70.0,7.4,312,1029,3223,83.0,152,893,47.6,1535,42.3,1364,23.2,39.2,46.7,33.0,20.3,403,18.3,30.0,121,33.7,136,22.3,90,13.9,56,
Schwarber, Kyle,2019,26,529,610,132,62,29,3,38,156,70,25.6,11.5,.250,.531,.339,.871,.264,.533,.362,.375,.353,.267,.450,.471,.348,.370,-0.014,-0.002,-0.013,92.7,15.0,55,14.5,9.0,19.8,25.9,28.2,2.6,51.2,65.0,22.0,23.7,43.0,57.0,136,316,53.0,1334,73.6,5.9,375,748,2539,78.0,169,768,47.0,1181,41.5,1043,28.1,43.0,40.9,31.1,28.0,379,28.4,38.8,147,28.8,109,24.0,91,8.4,32,
DeJong, Paul,2019,26,583,664,136,74,31,1,30,149,62,22.4,9.3,.233,.444,.318,.762,.233,.422,.326,.324,.319,.187,.374,.371,.309,.311,.000,.022,.002,87.0,18.5,38,8.6,4.5,21.4,33.4,27.3,4.8,34.0,69.5,16.0,28.0,45.7,54.3,163,357,50.1,1273,80.0,7.5,265,785,2579,84.0,141,880,49.9,1267,42.8,1086,24.2,48.8,45.2,35.5,19.3,440,21.7,37.7,166,28.0,123,22.0,97,12.3,54,
Laureano, Ramon,2019,25,434,481,125,72,29,0,24,123,27,25.6,5.6,.288,.521,.339,.860,.269,.466,.361,.341,.324,.195,.460,.430,.392,.369,.019,.055,.020,89.5,14.8,31,9.7,7.2,28.1,25.3,27.8,1.9,40.4,66.2,17.3,29.9,52.7,47.3,147,279,48.6,933,72.3,7.1,245,591,1954,82.7,113,652,51.4,985,42.9,822,28.4,48.7,39.4,38.8,21.9,320,22.5,37.2,119,27.2,87,27.5,88,8.1,26,
Moncada, Yoan,2019,24,511,559,161,97,34,5,25,154,40,27.5,7.2,.315,.548,.367,.915,.289,.511,.384,.365,.344,.220,.512,.482,.447,.411,.026,.037,.019,92.8,12.0,44,12.2,7.2,28.3,21.6,29.6,1.1,47.9,66.7,20.6,29.0,53.6,46.4,178,332,51.5,1143,73.2,6.4,384,604,2219,79.4,148,718,48.5,1076,44.3,982,31.0,47.3,36.8,38.2,24.9,361,30.1,41.8,151,22.7,82,30.7,111,4.7,17,
Acuna Jr., Ronald,2019,22,626,715,175,110,22,2,41,188,76,26.3,10.6,.280,.518,.364,.881,.276,.551,.373,.387,.362,.274,.474,.496,.399,.394,.004,-0.033,-0.014,90.6,14.2,66,15.0,9.1,21.2,22.6,26.9,5.2,46.9,68.4,22.9,24.0,40.5,59.5,153,378,51.6,1574,87.4,7.3,291,850,3048,76.9,231,1008,48.4,1474,41.9,1277,27.7,45.5,38.7,33.3,28.0,439,33.6,38.5,169,29.4,129,27.3,120,4.8,21,
Fletcher, David,2019,25,596,653,173,133,30,4,6,64,55,9.8,8.4,.290,.384,.349,.733,.299,.373,.320,.324,.357,.071,.322,.327,.325,.334,-0.009,.011,-0.004,83.7,9.8,2,0.4,2.6,32.6,24.9,36.5,3.0,16.9,48.7,5.6,22.6,19.9,80.1,55,277,47.3,1228,56.4,8.4,234,707,2629,94.4,37,666,52.7,1368,44.6,1159,9.8,36.2,39.7,35.8,24.5,534,8.3,44.4,237,15.9,85,32.6,174,7.1,38,
Kingery, Scott,2019,25,458,500,118,61,34,4,19,147,34,29.4,6.8,.258,.474,.314,.788,.240,.412,.333,.310,.300,.170,.446,.410,.377,.353,.018,.062,.023,88.2,17.5,25,8.0,9.2,26.4,27.1,24.2,4.8,38.9,71.3,23.3,31.2,49.8,50.2,160,321,52.1,1028,83.2,6.9,174,603,1973,76.7,157,674,47.9,945,43.6,860,31.9,50.4,42.7,35.7,21.7,314,33.8,35.0,110,25.2,79,30.9,97,8.6,27,
Guerrero Jr., Vladimir,2019,20,464,514,126,83,26,2,15,91,46,17.7,8.9,.272,.433,.339,.772,.260,.422,.333,.329,.330,.159,.367,.362,.336,.324,.012,.011,.004,89.4,6.7,29,7.7,6.1,22.9,20.0,40.0,3.2,38.4,69.4,15.9,28.9,41.1,58.9,131,319,55.6,1105,85.7,6.3,210,663,1986,84.1,97,611,44.4,881,44.1,876,24.5,46.8,35.7,41.9,22.4,375,35.8,50.4,189,20.0,75,22.7,85,6.9,26,
Soto, Juan,2019,21,542,659,153,82,32,5,34,132,108,20.0,16.4,.282,.548,.401,.949,.281,.549,.399,.405,.401,.266,.449,.459,.368,.368,.001,-0.001,-0.006,91.3,12.0,51,12.3,8.7,25.5,21.4,29.3,2.9,47.8,66.5,15.9,20.3,44.9,55.1,142,316,55.8,1556,79.9,6.4,454,828,2788,84.1,130,819,44.2,1231,41.9,1167,24.0,40.7,35.6,38.0,26.4,416,29.7,42.8,178,26.9,112,26.7,111,3.6,15,
Reynolds, Bryan,2019,24,491,546,154,97,37,4,16,121,46,22.2,8.4,.314,.503,.377,.880,.292,.457,.375,.355,.359,.163,.452,.423,.413,.387,.022,.046,.020,89.6,9.5,25,6.7,5.1,33.0,20.1,31.1,4.0,41.7,71.9,15.7,28.1,48.2,51.8,159,330,55.1,1176,83.6,6.0,381,562,2168,84.3,108,689,44.9,958,42.0,896,26.3,48.0,37.0,36.5,26.5,373,34.2,47.2,176,20.9,78,28.7,107,3.2,12,