last_name, first_name,year,player_age,p_game,p_formatted_ip,p_total_pa,p_ab,p_total_hits,p_single,p_double,p_triple,p_home_run,p_strikeout,p_walk,p_k_percent,p_bb_percent,batting_avg,slg_percent,on_base_percent,on_base_plus_slg,xba,xslg,woba,xwoba,xobp,xiso,wobacon,xwobacon,bacon,xbacon,xbadiff,xslgdiff,wobadif,exit_velocity_avg,launch_angle_avg,barrels,barrel_batted_rate,solidcontact_percent,flareburner_percent,poorlyunder_percent,poorlytopped_percent,poorlyweak_percent,hard_hit_percent,z_swing_percent,z_swing_miss_percent,oz_swing_percent,oz_swing_miss_percent,oz_contact_percent,out_zone_swing_miss,out_zone_swing,out_zone_percent,out_zone,meatball_swing_percent,meatball_percent,pitch_count_offspeed,pitch_count_fastball,pitch_count_breaking,pitch_count,iz_contact_percent,in_zone_swing_miss,in_zone_swing,in_zone_percent,in_zone,edge_percent,edge,whiff_percent,swing_percent,pull_percent,straightaway_percent,opposite_percent,batted_ball,f_strike_percent,groundballs_percent,groundballs,flyballs_percent,flyballs,linedrives_percent,linedrives,popups_percent,popups,pitch_hand,n,n_ff_formatted,ff_avg_speed,ff_avg_spin,ff_avg_break_x,ff_avg_break_z,ff_avg_break,ff_range_speed,n_sl_formatted,sl_avg_speed,sl_avg_spin,sl_avg_break_x,sl_avg_break_z,sl_avg_break,sl_range_speed,n_ch_formatted,ch_avg_speed,ch_avg_spin,ch_avg_break_x,ch_avg_break_z,ch_avg_break,ch_range_speed,n_cukc_formatted,cu_avg_speed,cu_avg_spin,cu_avg_break_x,cu_avg_break_z,cu_avg_break,cu_range_speed,n_sift_formatted,si_avg_speed,si_avg_spin,si_avg_break_x,si_avg_break_z,si_avg_break,si_range_speed,n_fc_formatted,fc_avg_speed,fc_avg_spin,fc_avg_break_x,fc_avg_break_z,fc_avg_break,fc_range_speed,n_fs_formatted,fs_avg_speed,fs_avg_spin,fs_avg_break_x,fs_avg_break_z,fs_avg_break,fs_range_speed,n_kn_formatted,kn_avg_speed,kn_avg_spin,kn_avg_break_x,kn_avg_break_z,kn_avg_break,kn_range_speed,n_fastball_formatted,fastball_avg_speed,fastball_avg_spin,fastball_avg_break_x,fastball_avg_break_z,fastball_avg_break,fastball_range_speed,n_breaking_formatted,breaking_avg_speed,breaking_avg_spin,breaking_avg_break_x,breaking_avg_break_z,breaking_avg_break,breaking_range_speed,n_offspeed_formatted,offspeed_avg_speed,offspeed_avg_spin,offspeed_avg_break_x,offspeed_avg_break_z,offspeed_avg_break,offspeed_range_speed,
Wainwright, Adam,2019,38,31,171.2,745,662,181,118,38,3,22,153,64,20.5,8.6,.273,.440,.340,.779,.262,.419,.333,.327,.334,.155,.387,.378,.352,.340,.011,.021,.006,88.1,9.7,36,6.9,5.0,26.2,20.6,37.1,4.2,39.2,60.0,12.4,24.8,36.0,64.0,128,356,51.5,1434,74.1,7.8,58,1701,1025,2876,87.6,100,809,48.5,1349,41.4,1153,19.3,41.9,39.2,40.4,20.4,520,24.7,49.4,257,20.0,104,25.0,130,5.6,29,R,3018,13.2,89.6,2195,-3.1,-20.1,14.1,1.5,,,,,,,,1.8,83.9,1769,-14.4,-31.0,16.9,1.6,37.6,74.9,2754,18.4,-62.3,22.1,2.2,25.0,90.0,2178,-12.9,-23.9,16.2,1.4,22.2,84.9,2345,5.6,-32.2,8.5,1.7,,,,,,,,,,,,,,,60.5,88.0,2242,-4.0,-26.1,12.9,3.1,37.6,74.9,2754,18.4,-62.3,22.1,2.2,1.8,83.9,1769,-14.4,-31.0,16.9,1.6,
Stroman, Marcus,2019,28,32,184.1,774,711,183,131,32,2,18,159,58,20.5,7.5,.257,.384,.313,.697,.245,.363,.302,.292,.302,.114,.349,.335,.330,.315,.012,.021,.010,87.5,5.2,23,4.1,5.8,24.5,19.3,42.5,3.8,35.2,64.5,14.8,28.6,42.8,57.2,205,479,55.1,1677,78.0,6.1,162,1914,970,3047,85.2,131,883,44.9,1369,42.6,1299,24.7,44.7,36.2,38.2,25.6,555,26.1,53.9,299,17.8,99,23.1,128,5.2,29,R,3046,2.3,92.9,2455,-6.3,-18.7,15.3,1.3,30.8,85.7,2838,11.2,-37.8,11.6,2,5.3,87.0,1929,-13.9,-30.1,15.8,2.1,0.9,75.4,2671,15.3,-55.6,16,2.5,36.3,92.5,2345,-12.0,-28.1,13.1,0.9,24.1,91.0,2615,1.1,-27.2,7.1,1.1,,,,,,,,,,,,,,,62.8,91.9,2452,-6.8,-27.4,10.9,1.3,31.8,85.4,2832,11.3,-38.4,11.8,2.9,5.3,87.0,1929,-13.9,-30.1,15.8,2.1,
Ryu, Hyun-Jin,2019,32,29,182.2,723,685,160,108,35,0,17,163,24,22.5,3.3,.234,.359,.260,.619,.252,.365,.266,.282,.282,.110,.327,.350,.305,.331,-0.018,-0.006,-0.016,85.3,6.0,25,4.7,5.5,26.3,18.0,38.7,6.8,30.8,66.8,18.1,33.2,37.5,62.5,176,469,52.2,1412,72.2,5.8,743,1625,337,2706,81.9,156,863,47.8,1292,44.2,1196,24.9,49.3,33.8,41.2,25.0,532,26.6,52.6,280,16.0,85,26.9,143,4.5,24,L,2778,27.1,90.7,2085,10.2,-19.5,16.9,1.4,0.2,80.1,2379,-4.3,-46.3,5.8,1.5,27.8,80.2,1496,12.7,-36.6,14.1,1.9,12.3,72.8,2577,-13.4,-66.0,18.8,2.4,13.1,90.1,2021,15.6,-24.7,17.9,1.6,19.2,87.0,2066,-1.1,-28.9,7.6,1.8,,,,,,,,,,,,,,,59.5,89.4,2065,7.7,-23.7,14.1,2.5,12.5,72.9,2573,-13.2,-65.6,18.5,2.6,27.8,80.2,1496,12.7,-36.6,14.1,1.9,
Porcello, Rick,2019,31,32,174.1,768,712,198,119,43,5,31,143,45,18.6,5.9,.278,.483,.324,.807,.258,.465,.342,.330,.307,.204,.398,.382,.347,.322,.020,.018,.012,88.1,15.5,55,9.6,6.6,21.8,28.3,28.4,5.2,37.2,67.0,13.6,29.4,29.0,71.0,121,417,47.8,1416,79.2,8.3,349,1688,923,2960,86.4,141,1035,52.2,1544,44.5,1317,18.0,49.1,40.0,37.7,22.3,573,29.4,38.9,223,25.8,148,25.7,147,9.6,55,R,2960,31.4,91.0,2434,-9.0,-17.9,18,1.3,18.6,84.3,2555,3.4,-34.9,6.2,1.7,11.7,80.8,1600,-13.9,-34.6,16.2,1.6,12.5,74.9,2810,15.1,-58.3,16.9,1.7,25.5,89.5,2289,-16.7,-26.6,18.6,1.5,,,,,,,,,,,,,,,,,,,,,,57.0,90.4,2369,-12.4,-21.8,18.3,1.6,31.1,80.5,2658,8.1,-44.4,10.5,5.4,11.7,80.8,1600,-13.9,-34.6,16.2,1.6,
Morton, Charlie,2019,36,33,194.2,790,717,154,100,33,6,15,240,57,30.4,7.2,.215,.340,.282,.623,.217,.330,.273,.274,.285,.110,.349,.351,.321,.325,-0.002,.010,-0.001,86.7,9.1,24,5.0,6.2,23.9,22.5,38.7,3.7,32.4,63.1,19.2,30.7,52.2,47.8,245,469,48.7,1529,72.8,8.0,102,1865,1172,3139,80.8,195,1015,51.3,1609,41.7,1310,29.6,47.3,35.6,37.0,27.4,481,27.3,48.2,232,20.0,96,25.4,122,6.4,31,R,3325,29.9,94.8,2265,-13.6,-18.2,18.8,1.1,,,,,,,,,,,,,,,37.5,78.7,2892,18.6,-55.3,20.9,1.2,19.3,93.9,2108,-18.7,-26.1,19.5,1.2,10.0,85.4,2437,4.2,-36.3,5.6,1.6,3.0,84.9,2124,-20.0,-35.5,20.4,1.3,,,,,,,,59.3,92.9,2241,-12.3,-23.9,16.8,4,37.5,78.7,2892,18.6,-55.3,20.9,1.2,3.0,84.9,2124,-20.0,-35.5,20.4,1.3,
Giolito, Lucas,2019,25,29,176.2,705,640,131,75,28,4,24,228,57,32.3,8.1,.205,.373,.272,.646,.210,.353,.279,.279,.280,.141,.372,.373,.316,.328,-0.005,.020,.000,87.8,17.3,39,9.4,3.4,25.5,30.0,27.4,4.3,34.6,67.9,26.3,27.5,50.7,49.3,179,353,45.7,1285,81.7,9.1,736,1548,530,2814,73.7,273,1038,54.3,1529,43.4,1222,32.5,49.4,39.2,33.7,27.2,416,32.1,36.3,151,23.8,99,28.1,117,11.8,49,R,2814,55.0,94.2,2333,-7.6,-12.3,19.8,1.4,14.7,84.6,2036,2.6,-32.3,6.8,1.5,26.1,81.7,1563,-10.2,-27.9,16.3,1.4,4.1,79.4,2512,6.8,-59.6,16.8,1.6,,,,,,,,,,,,,,,,,,,,,,,,,,,,,55.0,94.2,2333,-7.6,-12.3,19.8,1.4,18.8,83.4,2140,3.6,-38.3,9,2.8,26.1,81.7,1563,-10.2,-27.9,16.3,1.4,
Davies, Zach,2019,26,31,159.2,672,606,155,103,27,5,20,102,51,15.2,7.6,.256,.416,.310,.725,.279,.453,.313,.339,.335,.171,.336,.371,.305,.333,-0.023,-0.037,-0.026,87.4,12.8,37,7.2,6.0,26.4,26.4,29.7,4.5,33.5,66.3,11.5,27.5,27.3,72.7,119,436,59.2,1585,79.6,3.7,836,1725,115,2680,88.5,83,723,40.8,1091,46.7,1251,17.4,43.3,32.9,41.3,25.8,516,22.9,41.5,214,22.7,117,28.3,146,7.6,39,R,2676,,,,,,,,0.7,80.4,2426,5.3,-43.3,6.1,1.6,31.2,80.0,1785,-15.3,-35.3,17.5,1.1,3.5,75.5,2636,8.7,-59.3,12.9,1.4,52.6,88.4,2233,-16.1,-22.8,20.8,1.3,11.8,87.0,2313,-4.6,-24.1,13.6,1.3,,,,,,,,,,,,,,,64.4,88.1,2248,-14.0,-23.1,19.5,1.4,4.2,76.4,2603,8.1,-56.5,11.7,2.3,31.2,80.0,1785,-15.3,-35.3,17.5,1.1,
Corbin, Patrick,2019,30,33,202.0,835,746,169,107,37,1,24,238,70,28.5,8.4,.227,.375,.290,.665,.227,.401,.288,.303,.295,.171,.366,.390,.328,.331,.000,-0.026,-0.015,88.9,7.5,49,9.4,5.9,20.4,20.8,39.3,4.2,38.7,64.5,15.8,34.3,53.4,46.6,351,657,58.1,1918,71.3,5.4,189,1771,1339,3299,84.2,141,891,41.9,1381,42.0,1387,31.8,46.9,33.2,39.7,27.1,524,34.5,50.8,266,21.9,115,23.5,123,3.8,20,L,3559,20.0,92.0,2295,8.7,-16.9,17.8,1.7,37.8,81.8,2400,-3.5,-42.0,4.2,2,5.4,81.8,1648,10.6,-30.5,15.1,2.3,3.3,67.8,1989,-3.6,-61.3,4.3,2.4,33.2,91.9,2201,14.7,-21.4,18.4,1.7,,,,,,,,,,,,,,,,,,,,,,53.3,92.0,2236,12.4,-19.7,18.2,1.7,41.2,80.7,2366,-3.5,-43.5,4.2,4.8,5.4,81.8,1648,10.6,-30.5,15.1,2.3,
deGrom, Jacob,2019,31,32,204.0,804,745,154,106,28,1,19,255,44,31.7,5.5,.207,.323,.255,.578,.205,.315,.252,.252,.256,.107,.338,.338,.312,.311,.002,.008,.000,85.8,12.0,25,5.0,5.0,25.9,25.7,33.9,4.4,30.8,73.0,24.2,35.0,46.1,53.9,273,592,53.0,1690,78.1,7.0,506,1570,1115,3297,75.8,265,1095,47.0,1501,45.0,1437,31.5,52.9,34.5,37.6,27.9,498,36.1,45.2,225,21.9,109,23.7,118,9.2,46,R,3191,48.1,96.9,2388,-5.7,-12.2,17.4,1.2,32.0,92.5,2454,3.0,-24.6,7.6,1.2,15.8,90.3,1703,-13.6,-28.6,14.4,1.5,2.9,84.3,2567,6.2,-40.9,7,1.8,1.0,96.7,2281,-11.4,-15.3,17.6,1.6,,,,,,,,,,,,,,,,,,,,,,49.2,96.9,2385,-5.8,-12.2,17.4,1.2,34.9,91.8,2460,3.3,-26.0,7.6,2.8,15.8,90.3,1703,-13.6,-28.6,14.4,1.5,
Scherzer, Max,2019,35,27,172.1,693,650,144,83,43,0,18,243,33,35.1,4.8,.222,.371,.266,.636,.202,.324,.273,.251,.249,.120,.395,.359,.352,.324,.020,.047,.022,87.4,13.3,27,6.6,5.9,26.9,25.9,29.6,5.1,35.2,70.1,26.0,34.1,50.5,49.5,236,467,49.5,1370,77.6,7.9,401,1555,814,2770,74.0,255,980,50.5,1399,41.2,1141,33.9,52.2,36.9,35.2,27.9,409,36.4,41.3,169,24.9,102,26.7,109,7.1,29,R,3070,48.6,95.0,2479,-12.1,-16.6,18.8,1.5,20.3,85.6,2374,3.2,-36.1,4.4,1.4,14.4,84.4,1548,-15.6,-36.0,16.1,1.5,8.8,78.7,2726,10.8,-51.0,12.5,1.7,,,,,,,,7.5,89.9,2435,-0.4,-26.7,8.2,1.3,,,,,,,,,,,,,,,56.2,94.3,2473,-10.5,-17.9,17.4,2.5,29.2,83.5,2483,5.5,-40.6,6.9,3.8,14.4,84.4,1548,-15.6,-36.0,16.1,1.5,
Perez, Martin,2019,28,32,165.1,737,659,184,125,36,0,23,135,67,18.3,9.1,.279,.439,.345,.783,.245,.373,.337,.304,.316,.125,.377,.331,.348,.306,.034,.066,.033,85.4,9.0,28,5.3,5.3,23.3,21.6,38.9,5.6,29.7,68.0,14.4,32.3,34.5,65.5,168,487,54.4,1507,71.3,6.2,615,2025,131,2772,85.6,124,859,45.6,1264,44.9,1245,21.7,48.6,38.0,37.2,24.8,532,31.9,49.4,263,19.7,105,25.2,134,5.6,30,L,2771,17.4,94.2,2131,9.8,-15.7,18.5,1.5,,,,,,,,22.1,85.3,1795,14.9,-27.8,18,1.5,4.7,79.2,2637,-5.1,-51.3,8.5,1.4,24.7,93.9,2051,16.8,-21.7,19.5,1.6,30.8,88.5,2307,-2.6,-28.6,7.7,1.7,,,,,,,,,,,,,,,73.0,91.7,2178,6.9,-23.2,14.3,3.5,4.7,79.2,2637,-5.1,-51.3,8.5,1.4,22.1,85.3,1795,14.9,-27.8,18,1.5,
Means, John,2019,26,31,155.0,637,590,138,79,33,3,23,121,38,19.0,6.0,.234,.417,.284,.701,.235,.405,.299,.301,.287,.168,.340,.343,.292,.295,-0.001,.012,-0.002,87.1,20.0,32,6.8,7.2,21.8,38.1,22.2,3.8,30.5,71.3,18.8,27.7,29.9,70.1,120,401,54.0,1446,80.1,6.2,774,1362,545,2681,81.3,165,880,46.0,1234,43.9,1176,22.2,47.8,34.7,34.1,31.1,472,30.6,31.8,150,31.8,150,26.5,125,10.0,47,L,2680,50.8,91.7,2376,5.9,-13.3,20.8,1.3,14.1,83.6,2324,-4.6,-33.4,8,1.7,28.8,80.9,2331,12.3,-24.6,22.2,1.7,6.1,77.0,2239,-3.8,-51.9,6.3,2.1,,,,,,,,,,,,,,,,,,,,,,,,,,,,,50.8,91.7,2376,5.9,-13.3,20.8,1.3,20.3,81.6,2298,-4.4,-39.0,7.5,3.8,28.8,80.9,2331,12.3,-24.6,22.2,1.7,
Marquez, German,2019,24,28,174.0,721,671,174,114,27,4,29,175,35,24.3,4.9,.259,.441,.297,.738,.267,.439,.315,.323,.307,.170,.394,.407,.348,.360,-0.008,.002,-0.008,90.2,6.3,40,7.9,5.1,28.9,17.8,37.4,3.0,43.1,66.2,15.6,30.5,53.0,47.0,203,383,48.1,1257,80.9,8.8,78,1371,1167,2616,84.4,140,899,51.9,1359,41.3,1081,26.8,49.0,31.0,38.9,30.0,506,31.3,50.2,254,20.2,102,27.1,137,2.6,13,R,2616,35.4,95.7,2225,-7.3,-17.6,15.3,1.6,21.1,87.4,2371,0.4,-33.5,4.2,2,2.9,87.8,1969,-14.7,-27.8,17.5,1.9,23.4,84.9,2693,3.2,-43.3,5.4,2.3,16.9,94.7,2171,-13.2,-22.6,16.2,1.6,,,,,,,,,,,,,,,,,,,,,,52.4,95.4,2207,-9.2,-19.2,15.6,1.7,44.6,86.1,2540,1.9,-38.7,4.8,2.6,2.9,87.8,1969,-14.7,-27.8,17.5,1.9,
Happ, J.A.,2019,37,31,161.1,678,621,160,98,27,1,34,140,49,20.6,7.2,.258,.469,.316,.784,.253,.442,.333,.326,.312,.186,.391,.381,.332,.326,.005,.027,.007,88.9,13.4,40,8.3,5.8,23.4,27.2,32.8,2.5,37.4,71.0,16.9,28.0,38.5,61.5,157,408,54.2,1459,79.3,6.3,428,1774,491,2696,83.1,148,876,45.8,1234,45.2,1216,23.8,47.7,30.7,45.9,23.2,482,29.2,41.1,198,26.8,129,23.9,115,8.3,40,L,2766,48.6,92.0,2320,8.1,-15.3,19.4,1.3,17.1,84.8,2191,-2.5,-32.4,7.3,1.8,15.7,86.1,1713,14.6,-29.4,17.1,1.3,0.8,81.0,2214,-3.5,-46.3,5.2,1.5,17.5,89.7,2104,14.1,-25.5,16.7,1.3,,,,,,,,,,,,,,,,,,,,,,66.1,91.4,2263,9.7,-18.0,18.7,1.8,18.0,84.6,2192,-2.6,-33.0,7.2,2,15.7,86.1,1713,14.6,-29.4,17.1,1.3,
Greinke, Zack,2019,36,33,208.2,810,767,175,115,37,2,21,187,30,23.1,3.7,.228,.364,.258,.622,.236,.373,.266,.278,.269,.135,.328,.345,.300,.312,-0.008,-0.009,-0.012,86.8,10.3,37,6.3,6.1,24.4,23.1,36.0,4.1,32.8,63.3,15.9,33.0,37.0,63.0,210,567,55.3,1720,71.6,6.1,689,1440,955,3113,84.1,140,881,44.7,1392,43.7,1359,24.2,46.5,33.1,38.7,28.0,589,33.0,46.3,273,20.7,122,26.1,154,6.8,40,R,3309,41.0,89.9,2327,-2.0,-17.7,16.8,1.4,16.8,83.8,2518,7.1,-39.3,8.1,2.2,22.0,87.4,1786,-12.6,-32.3,13.3,1.2,14.6,70.7,2446,12.5,-68.9,17,2.7,5.0,90.4,2253,-13.3,-21.9,18.1,1.3,0.1,89.3,2409,5.4,-24.0,11.7,1.4,0.2,80.1,1703,-9.3,-38.3,12.2,1.6,,,,,,,,46.2,89.9,2319,-3.2,-18.2,17,1.4,31.5,77.7,2483,9.6,-53.1,12.3,7.7,22.2,87.3,1785,-12.6,-32.4,13.3,1.4,
Cole, Gerrit,2019,29,33,212.1,817,762,142,82,30,1,29,326,48,39.9,5.9,.186,.343,.236,.579,.181,.305,.249,.238,.232,.122,.383,.362,.323,.316,.005,.038,.011,87.3,13.6,26,5.9,8.9,22.0,27.7,31.8,3.6,35.5,65.8,28.4,32.3,56.9,43.1,296,520,47.9,1608,77.5,9.1,250,1813,1298,3362,71.6,327,1153,52.1,1752,43.6,1465,37.3,49.8,31.4,39.5,29.1,440,32.4,40.7,179,26.8,118,24.3,107,8.2,36,R,3697,52.1,97.2,2536,-11.6,-10.9,21.8,1.6,22.9,89.3,2622,4.9,-31.7,6.4,1.5,7.2,88.6,1887,-15.3,-22.8,19.6,1.4,15.4,82.8,2900,11.5,-55.3,18.2,2,2.2,97.1,2508,-15.1,-13.8,21.7,1.4,,,,,,,,,,,,,,,,,,,,,,54.3,97.2,2535,-11.7,-11.0,21.8,1.6,38.3,86.6,2736,7.5,-41.2,11.1,4,7.2,88.6,1887,-15.3,-22.8,19.6,1.4,
Thornton, Trent,2019,26,32,154.1,677,603,156,99,29,4,24,149,61,22.0,9.0,.259,.439,.328,.767,.257,.419,.328,.327,.329,.160,.383,.382,.338,.341,.002,.020,.001,87.6,16.2,34,7.4,7.1,25.5,30.5,24.2,5.2,36.8,63.8,14.7,28.9,41.4,58.6,186,449,56.3,1553,65.9,6.6,246,1728,785,2759,85.3,113,770,43.7,1206,41.9,1155,24.5,44.2,35.9,38.5,25.5,462,25.3,34.0,157,24.0,111,31.6,146,10.4,48,R,2759,43.6,92.9,2373,-3.6,-15.8,16.9,1.3,26.9,80.5,3089,11.0,-52.3,14.3,1.3,,,,,,,,1.5,73.9,2795,11.1,-63.2,15.6,1.9,3.1,91.9,2317,-12.2,-21.1,17.2,1.6,15.9,88.1,2694,4.5,-30.9,7.7,1.5,8.9,83.3,1509,-8.2,-31.0,12.9,1.7,,,,,,,,62.6,91.6,2450,-2.0,-19.9,14.6,2.7,28.4,80.1,3073,11.0,-52.9,14.4,2.2,8.9,83.3,1509,-8.2,-31.0,12.9,1.7,
Teheran, Julio,2019,28,33,174.2,754,645,148,91,33,2,22,162,83,21.5,11.0,.229,.389,.325,.714,.237,.398,.313,.323,.335,.159,.343,.358,.303,.314,-0.008,-0.009,-0.010,88.2,14.7,34,6.9,4.5,25.9,30.6,28.7,3.4,35.4,68.4,17.0,26.5,32.9,67.1,147,447,55.6,1687,80.4,6.4,249,1953,832,3036,83.0,157,922,44.4,1347,41.3,1253,22.3,45.1,35.4,38.3,26.3,494,26.7,40.3,199,28.1,139,24.5,121,7.1,35,R,3051,41.7,89.7,2399,-6.4,-21.7,14.1,1.7,20.9,82.2,2603,3.2,-37.2,5.8,1.8,8.1,83.6,1704,-14.9,-31.7,16.8,1.7,6.4,74.8,2762,12.0,-52.4,12.5,2.2,22.6,89.3,2264,-14.7,-29.7,15.7,1.6,,,,,,,,,,,,,,,,,,,,,,64.4,89.6,2352,-9.4,-24.5,14.7,1.7,27.4,80.5,2642,5.3,-40.7,7.4,4,8.1,83.6,1704,-14.9,-31.7,16.8,1.7,
Syndergaard, Noah,2019,27,32,197.2,825,758,194,129,37,4,24,202,50,24.5,6.1,.256,.410,.303,.713,.230,.352,.305,.278,.282,.119,.377,.339,.344,.312,.026,.058,.027,86.3,9.3,28,4.9,4.9,24.0,22.6,40.0,3.5,31.2,69.7,19.9,30.3,44.1,55.9,203,460,49.2,1520,76.4,6.3,502,1827,763,3095,80.1,218,1095,50.8,1572,46.8,1446,27.0,50.3,38.1,36.2,25.7,567,34.7,48.5,275,20.8,118,23.6,134,7.1,40,R,3092,29.3,97.8,2197,-6.1,-13.8,16,1.1,15.2,89.1,2178,3.7,-34.3,4.6,1.8,16.2,91.1,1689,-15.5,-24.5,17.8,1.3,9.4,80.4,2275,11.9,-46.1,12.7,1.8,29.7,97.5,2106,-14.2,-19.2,17.2,1.2,,,,,,,,,,,,,,,,,,,,,,59.0,97.6,2151,-10.2,-16.5,16.6,1.1,24.6,85.7,2218,6.9,-38.8,7.7,5,16.2,91.1,1689,-15.5,-24.5,17.8,1.3,
Strasburg, Stephen,2019,31,33,209.0,841,768,161,107,25,5,24,251,56,29.8,6.7,.210,.349,.270,.619,.207,.325,.268,.262,.270,.114,.346,.337,.309,.307,.003,.024,.006,87.3,7.2,32,6.1,5.2,23.3,19.8,41.0,4.6,33.8,62.3,18.9,34.8,48.1,51.9,311,647,54.9,1857,64.8,6.4,700,1634,1049,3384,81.1,180,951,45.1,1526,42.9,1450,30.8,47.3,36.3,39.3,24.4,524,28.1,51.9,272,19.1,100,23.7,124,5.3,28,R,3724,27.6,93.9,2170,-9.7,-15.7,17.7,1.3,0.3,87.8,2250,4.0,-29.0,7.5,1.5,20.9,87.8,1683,-15.5,-32.1,15.9,1.2,31.0,81.4,2773,12.7,-49.2,15,1.5,20.0,93.8,2135,-15.8,-20.1,19,1.2,,,,,,,,,,,,,,,,,,,,,,47.6,93.9,2155,-12.3,-17.6,18.3,1.3,31.3,81.4,2768,12.6,-49.0,14.9,1.7,20.9,87.8,1683,-15.5,-32.1,15.9,1.2,
Smith, Caleb,2019,28,28,153.1,646,573,128,64,29,2,33,168,60,26.0,9.3,.223,.454,.300,.754,.222,.441,.319,.319,.301,.217,.392,.391,.312,.312,.001,.013,.000,87.4,22.0,45,10.9,7.8,18.4,37.6,19.9,5.3,35.4,71.1,22.1,29.0,41.3,58.8,165,400,51.8,1378,82.5,6.4,390,1430,840,2661,77.9,201,911,48.2,1282,45.3,1205,27.9,49.3,37.9,35.9,26.2,412,29.6,28.4,117,36.4,150,23.1,95,12.1,50,L,2660,53.7,91.6,2425,14.6,-17.4,22.5,1.4,31.5,83.5,2297,-2.1,-37.5,5.2,1.9,14.6,82.6,1918,15.9,-30.9,19.5,1.2,,,,,,,,,,,,,,,,,,,,,,,,,,,,,,,,,,,,53.7,91.6,2425,14.6,-17.4,22.5,1.4,31.5,83.5,2297,-2.1,-37.5,5.2,1.9,14.6,82.6,1918,15.9,-30.9,19.5,1.2,
Rodriguez, Eduardo,2019,26,34,203.1,859,770,195,139,30,2,24,213,75,24.8,8.7,.253,.391,.322,.713,.227,.368,.310,.295,.301,.138,.373,.350,.347,.312,.026,.023,.015,85.7,9.1,33,5.9,5.0,22.0,23.4,39.5,4.3,28.5,67.2,20.3,30.5,39.3,60.7,237,603,56.6,1977,76.8,5.3,830,2470,194,3495,79.7,207,1019,43.4,1517,44.4,1551,27.4,46.4,34.4,37.9,27.7,564,33.2,49.5,279,23.2,131,21.3,120,6.0,34,L,3494,38.7,93.0,2202,8.9,-18.1,16.7,1.3,2.3,85.2,2214,-5.6,-34.9,7.3,3.1,23.7,87.7,2049,17.5,-30.1,18.6,1.5,3.1,82.4,2285,-4.1,-46.1,6.8,2.5,15.7,93.0,2142,15.0,-22.0,18.2,1.4,16.1,88.5,2226,-1.2,-27.2,8.5,1.7,,,,,,,,,,,,,,,70.6,92.0,2194,7.9,-21.0,15.1,2.6,5.5,83.6,2256,-4.7,-41.3,7,3.3,23.7,87.7,2049,17.5,-30.1,18.6,1.5,
Quintana, Jose,2019,30,32,171.0,745,678,191,126,43,2,20,152,46,20.4,6.2,.282,.440,.321,.760,.270,.418,.324,.321,.317,.146,.383,.379,.354,.346,.012,.022,.003,88.9,10.6,31,5.7,7.2,28.9,20.8,34.2,3.3,37.7,63.9,12.1,26.5,39.5,60.5,153,387,53.4,1461,68.0,6.3,301,1689,744,2826,87.9,98,813,46.6,1273,42.6,1164,21.0,44.1,34.2,40.3,25.6,544,30.7,45.4,247,19.7,107,29.2,159,5.7,31,L,2734,36.3,91.4,2016,4.4,-16.8,16.5,1,,,,,,,,11.0,86.5,1287,8.5,-27.0,13.4,1.2,27.2,77.0,2215,-8.6,-54.5,12,1.1,25.3,91.3,1977,12.2,-18.8,18.5,1.1,,,,,,,,,,,,,,,,,,,,,,61.7,91.3,2000,7.6,-17.6,17.3,1,27.2,77.0,2215,-8.6,-54.5,12,1.1,11.0,86.5,1287,8.5,-27.0,13.4,1.2,
Minor, Mike,2019,32,32,208.1,863,779,190,132,28,0,30,200,68,23.2,7.9,.244,.395,.307,.702,.230,.379,.304,.298,.298,.146,.359,.350,.325,.309,.014,.016,.006,86.4,16.4,41,7.0,5.4,22.4,30.8,30.3,4.1,30.3,66.9,21.2,29.0,37.8,62.2,188,497,51.1,1714,72.0,7.0,826,1497,1033,3358,78.8,233,1099,48.9,1642,44.0,1476,26.3,47.6,44.9,35.2,19.9,588,29.5,41.5,244,26.2,154,21.6,127,10.7,63,L,3356,44.6,92.5,2650,4.1,-17.0,16.2,1.3,19.3,86.4,2737,-5.6,-34.8,6.9,1.5,24.6,86.2,2287,17.5,-26.2,21.2,1.5,11.4,80.7,2534,-6.9,-54.5,12.6,2.1,,,,,,,,,,,,,,,,,,,,,,,,,,,,,44.6,92.5,2650,4.1,-17.0,16.2,1.3,30.7,84.3,2660,-6.1,-42.1,9,3.6,24.6,86.2,2287,17.5,-26.2,21.2,1.5,
Miley, Wade,2019,33,33,167.1,720,646,164,114,25,2,23,140,61,19.4,8.5,.254,.406,.319,.725,.243,.367,.314,.301,.312,.122,.351,.333,.321,.309,.011,.039,.013,87.0,7.7,23,4.5,4.3,26.3,21.4,39.6,3.9,32.3,68.5,15.2,26.6,38.5,61.5,168,436,57.4,1642,78.3,4.5,592,1977,297,2968,84.8,127,836,42.6,1221,44.6,1276,22.9,44.3,39.4,39.0,21.6,513,21.9,50.3,258,22.0,113,23.4,120,4.3,22,L,2926,16.1,90.8,2210,4.0,-16.4,17.8,1.7,0.9,81.7,2398,-4.9,-45.5,6.3,1.4,20.4,81.2,1870,14.9,-31.3,18.5,1.4,9.3,75.6,2432,-7.7,-62.5,14.6,2,6.2,89.5,2057,11.7,-19.5,19.4,1.5,46.8,87.3,2259,-2.5,-28.4,8.9,1.7,,,,,,,,,,,,,,,69.2,88.3,2229,0.3,-24.8,11.9,2.4,10.3,76.2,2429,-7.4,-60.9,13.8,2.7,20.4,81.2,1870,14.9,-31.3,18.5,1.4,
Matz, Steven,2019,28,32,160.1,691,626,163,100,32,4,27,153,52,22.1,7.5,.260,.454,.321,.775,.253,.434,.329,.322,.317,.178,.395,.385,.344,.335,.007,.020,.007,88.0,9.9,41,8.6,4.8,25.7,21.3,34.4,5.2,38.5,65.4,17.3,26.2,37.4,62.6,131,350,49.4,1334,72.0,7.0,541,1367,792,2702,82.7,155,894,50.6,1366,45.6,1230,23.0,46.1,36.1,36.7,27.1,479,28.1,48.4,232,22.8,109,22.5,108,6.3,30,L,2700,,,,,,,,14.4,89.5,2069,3.1,-29.0,6.5,1.3,20.0,84.3,2301,16.8,-36.1,17.1,1.3,14.8,78.6,2447,-12.3,-53.0,14.9,1.8,50.6,93.3,2102,15.8,-20.7,19.2,1.2,,,,,,,,,,,,,,,,,,,,,,50.6,93.3,2102,15.8,-20.7,19.2,1.2,29.3,84.0,2260,-4.7,-41.1,10.8,6.3,20.0,84.3,2301,16.8,-36.1,17.1,1.3,
Lopez, Reynaldo,2019,25,33,184.0,809,729,203,121,44,3,35,169,65,20.9,8.0,.278,.491,.341,.832,.254,.449,.353,.334,.321,.193,.415,.387,.359,.330,.024,.042,.019,88.6,17.6,43,7.6,7.8,24.7,30.5,26.1,3.4,38.3,69.0,19.0,26.5,40.9,59.1,164,401,48.0,1516,79.3,7.9,469,1850,843,3163,81.0,216,1135,52.0,1645,43.8,1383,24.7,48.6,33.3,37.7,28.9,567,30.0,34.9,198,25.7,146,28.2,160,11.1,63,R,3161,58.5,95.4,2137,-10.0,-15.2,18.3,1.9,18.2,84.4,2120,3.5,-35.3,5.3,2.2,14.8,84.0,1610,-11.7,-28.1,16.3,1.9,8.3,78.3,2084,3.4,-49.0,5.5,2.2,,,,,,,,,,,,,,,,,,,,,,,,,,,,,58.5,95.4,2137,-10.0,-15.2,18.3,1.9,26.6,82.5,2109,3.5,-39.6,5.4,3.9,14.8,84.0,1610,-11.7,-28.1,16.3,1.9,
Kershaw, Clayton,2019,31,29,178.1,706,654,145,91,23,3,28,189,41,26.8,5.8,.222,.394,.266,.661,.237,.391,.284,.295,.284,.150,.362,.378,.311,.333,-0.015,.003,-0.011,87.2,11.2,32,6.8,4.2,23.3,23.5,37.1,5.1,33.9,68.6,16.7,34.0,49.7,50.1,224,451,51.6,1328,76.3,7.4,16,1130,1431,2672,83.3,143,855,48.4,1247,43.1,1111,27.7,50.7,47.0,33.9,19.1,472,35.1,49.2,232,20.3,96,21.8,103,8.7,41,L,2680,43.5,90.3,2479,-1.2,-14.6,19.3,1,39.6,86.9,2671,-4.8,-28.7,9.9,1.3,0.5,85.2,2210,10.6,-19.9,21.5,1.5,16.2,73.5,2465,-3.4,-67.9,16.6,1.1,,,,,,,,,,,,,,,,,,,,,,,,,,,,,43.5,90.3,2479,-1.2,-14.6,19.3,1,55.8,83.0,2610,-4.4,-40.1,11.8,7,0.5,85.2,2210,10.6,-19.9,21.5,1.5,
Junis, Jakob,2019,27,31,175.1,771,696,192,122,37,2,31,164,58,21.3,7.5,.276,.468,.339,.807,.270,.466,.344,.347,.334,.194,.405,.409,.358,.351,.006,.002,-0.003,90.0,12.6,46,8.6,5.6,27.4,23.5,32.6,2.4,41.0,64.7,12.6,27.7,43.7,56.3,186,426,52.7,1540,77.4,7.9,157,1488,1279,2926,87.4,113,895,47.3,1383,42.0,1228,22.7,45.2,40.2,38.5,21.2,537,26.8,43.2,232,26.3,141,24.8,133,5.8,31,R,2923,33.6,91.7,2079,-6.0,-18.9,15.4,1.3,29.6,82.4,2522,14.7,-43.3,15.1,1.3,5.3,84.6,1336,-4.5,-34.1,7.5,1.6,14.0,79.3,2421,15.3,-48.6,15.9,1.2,17.2,91.0,1923,-13.0,-24.4,15.9,1.2,,,,,,,,,,,,,,,,,,,,,,50.9,91.5,2026,-8.4,-20.8,15.6,1.3,43.7,81.4,2490,14.9,-45.0,15.3,2.1,5.3,84.6,1336,-4.5,-34.1,7.5,1.6,
Fried, Max,2019,25,33,165.2,702,644,174,120,33,0,21,173,47,24.6,6.7,.270,.419,.322,.741,.252,.373,.319,.299,.309,.118,.397,.367,.368,.345,.018,.046,.020,88.3,3.6,21,4.4,5.5,28.2,15.8,41.4,4.8,38.4,66.0,16.4,29.2,46.1,53.9,187,406,52.1,1390,72.6,7.5,64,1520,1085,2670,83.5,138,844,47.9,1279,41.5,1107,26.0,46.8,35.9,37.2,26.9,476,29.8,54.6,260,16.6,79,26.1,124,2.7,13,L,2746,52.9,93.8,2077,3.2,-18.9,12.8,1.7,15.8,83.8,2566,-12.7,-42.6,13.7,2.2,2.3,84.8,1514,11.5,-31.5,13.4,1.8,24.9,74.6,2846,-9.2,-69.5,20.8,1.7,3.6,93.7,1990,11.7,-22.6,14.7,1.6,0.3,93.5,2115,-3.7,-23.4,8.6,1.4,,,,,,,,,,,,,,,56.9,93.8,2072,3.7,-19.1,12.9,1.7,40.7,78.1,2741,-10.6,-59.1,18,5.4,2.3,84.8,1514,11.5,-31.5,13.4,1.8,
Castillo, Luis,2019,27,32,190.2,781,688,139,87,29,1,22,226,79,28.9,10.1,.202,.343,.288,.631,.203,.318,.279,.275,.291,.112,.340,.332,.300,.303,-0.001,.025,.004,86.4,5.1,24,5.1,3.8,22.8,18.6,43.3,6.4,33.6,67.2,25.0,32.1,52.3,47.7,301,575,58.4,1793,74.1,5.3,998,1552,606,3158,75.0,214,857,41.6,1276,42.8,1312,36.0,46.6,31.6,45.4,23.0,469,29.9,56.5,265,19.8,93,19.4,91,4.3,20,R,3069,29.7,96.4,2170,-13.3,-18.5,18.1,1.4,16.9,85.9,2330,-0.4,-38.3,2.1,1.4,32.5,87.2,1972,-16.8,-34.3,17.3,1.1,,,,,,,,20.8,96.5,2073,-18.7,-25.7,19.4,1.2,,,,,,,,,,,,,,,,,,,,,,50.5,96.4,2130,-15.5,-21.5,18.7,1.3,16.9,85.9,2330,-0.4,-38.3,2.1,1.4,32.5,87.2,1972,-16.8,-34.3,17.3,1.1,
Boyd, Matthew,2019,28,32,185.1,788,721,178,101,36,2,39,238,50,30.2,6.3,.247,.465,.299,.764,.222,.399,.324,.297,.280,.174,.439,.395,.366,.332,.025,.066,.027,88.4,18.8,44,9.0,4.5,24.6,32.8,25.5,3.7,34.7,68.6,22.5,30.8,50.8,49.2,242,476,49.9,1546,73.5,7.5,188,1667,1246,3118,77.5,240,1066,50.1,1555,42.8,1326,31.2,49.7,40.5,34.0,25.5,491,33.5,36.0,177,27.3,134,24.6,121,12.0,59,L,3101,49.7,92.1,2384,10.2,-17.3,18.2,1.6,36.2,79.6,2377,-4.2,-46.0,5.4,1.8,6.0,79.1,1959,11.5,-32.4,16.3,1.2,3.9,72.2,2248,-14.5,-61.1,16.5,1.7,3.9,90.3,2356,14.4,-23.0,17.9,1.8,0.0,90.5,2330,0.3,-12.8,21.2,,,,,,,,,,,,,,,,53.7,92.0,2382,10.5,-17.7,18.2,1.7,40.1,78.9,2364,-5.2,-47.5,6.5,3.1,6.0,79.1,1959,11.5,-32.4,16.3,1.2,
Verlander, Justin,2019,36,34,223.0,847,796,137,66,28,7,36,300,42,35.4,5.0,.172,.361,.218,.579,.185,.339,.246,.248,.231,.152,.351,.354,.275,.296,-0.013,.022,-0.002,87.3,18.2,39,7.8,6.4,21.7,33.9,27.1,3.0,33.3,67.4,26.7,35.3,47.7,52.3,265,555,48.5,1572,78.0,7.7,136,1617,1536,3448,73.2,301,1126,51.5,1670,43.6,1412,33.7,51.8,41.0,37.8,21.1,498,32.2,36.1,180,30.5,152,22.9,114,10.4,52,R,3640,49.8,94.6,2576,-10.1,-10.7,23,1.3,28.7,87.5,2615,4.2,-30.4,7.8,1.3,4.3,86.9,1871,-16.4,-26.2,19.7,1.3,17.0,79.4,2823,7.6,-57.5,14.6,1.4,,,,,,,,,,,,,,,,,,,,,,,,,,,,,49.8,94.6,2576,-10.1,-10.7,23,1.3,45.7,84.5,2693,5.4,-40.5,10.3,4.6,4.3,86.9,1871,-16.4,-26.2,19.7,1.3,
Sanchez, Anibal,2019,35,30,166.0,712,647,153,90,38,3,22,134,58,18.8,8.1,.236,.406,.302,.708,.253,.409,.300,.313,.318,.155,.338,.356,.297,.318,-0.017,-0.003,-0.013,86.5,14.3,34,6.6,5.8,24.4,29.7,29.8,3.7,28.3,67.5,16.3,31.8,33.4,66.6,155,464,54.2,1457,74.3,6.4,753,1702,234,2690,83.7,136,832,45.8,1232,42.5,1142,22.5,48.2,37.0,37.6,25.4,516,32.7,39.1,202,26.6,137,27.1,140,7.2,37,R,2879,29.6,90.2,2242,-3.3,-16.6,17.8,1.6,2.5,83.2,2306,5.9,-35.7,7.6,1.8,4.7,71.0,1428,-9.1,-44.3,14.2,3.1,5.9,77.0,2114,3.7,-49.3,4.9,1.5,10.2,90.5,2141,-12.0,-18.6,19.3,1.4,23.1,87.7,2318,3.6,-23.5,12.9,1.4,23.7,84.4,1720,-14.1,-30.7,16.3,1.7,,,,,,,,63.0,89.3,2253,-2.2,-19.4,16.2,2,8.4,78.9,2178,4.4,-45.2,5.7,3.4,28.4,82.2,1672,-13.3,-33.0,15.9,5.9,
Samardzija, Jeff,2019,34,32,181.1,740,677,152,91,24,9,28,140,49,18.9,6.6,.225,.411,.280,.690,.247,.448,.293,.322,.303,.199,.331,.371,.281,.311,-0.022,-0.037,-0.029,88.9,16.3,46,8.4,6.8,23.3,29.7,28.8,2.9,37.3,69.8,16.1,28.1,29.0,71.0,127,438,52.0,1561,81.5,7.4,230,2155,618,3006,83.9,162,1006,48.0,1441,42.4,1272,20.0,48.1,39.3,38.7,22.0,545,29.3,37.4,204,29.5,161,25.3,138,7.7,42,R,3001,27.6,91.6,2571,-9.7,-17.5,18.3,1.4,18.0,84.6,2449,-0.3,-31.4,7.8,1.6,,,,,,,,2.4,76.3,2498,6.3,-58.7,12.5,1.7,19.2,92.2,2480,-16.7,-23.0,19.2,1.4,24.8,88.8,2607,-2.8,-23.6,12,1.4,7.6,82.3,1451,-8.0,-30.8,13.3,1.6,,,,,,,,71.8,90.8,2559,-9.2,-21.1,16.4,2.2,20.5,83.6,2455,0.5,-34.7,8.4,3.4,7.6,82.3,1451,-8.0,-30.8,13.3,1.6,
Roark, Tanner,2019,33,31,165.1,722,655,180,113,36,3,28,158,51,21.9,7.1,.275,.467,.338,.805,.272,.454,.344,.343,.337,.180,.408,.407,.361,.358,.003,.013,.001,88.7,15.2,43,8.6,5.4,26.3,27.5,29.5,2.8,37.4,68.1,15.2,25.6,36.4,63.6,145,398,53.9,1552,79.8,6.5,284,1599,998,2992,84.8,137,904,46.1,1328,42.6,1228,21.0,45.5,36.5,35.7,27.9,499,28.0,36.7,183,25.3,126,30.3,151,7.8,39,R,2880,25.4,92.1,2145,-5.2,-15.3,18.4,1.4,21.8,86.3,2255,2.9,-31.2,7.4,1.9,9.8,84.1,1701,-13.3,-28.9,17.3,1.2,12.7,75.7,2746,12.2,-64.4,19.2,1.3,30.0,91.9,2087,-13.3,-18.7,19.6,1.3,,,,,,,,,,,,,,,,,,,,,,55.5,92.0,2113,-9.6,-17.1,19,1.4,34.6,82.4,2436,6.3,-43.5,11.8,5.9,9.8,84.1,1701,-13.3,-28.9,17.3,1.2,
Odorizzi, Jake,2019,29,30,159.0,658,593,139,92,29,2,16,178,53,27.1,8.1,.234,.371,.298,.669,.229,.382,.292,.296,.295,.151,.361,.368,.332,.325,.005,-0.011,-0.004,87.9,17.1,33,7.8,6.6,24.3,31.7,26.2,3.3,35.5,70.0,23.7,28.7,37.8,62.2,154,407,51.0,1420,82.3,5.9,477,2127,181,2787,76.3,226,955,49.0,1365,44.1,1228,27.9,48.9,32.2,37.8,30.0,423,29.5,36.6,155,27.7,117,25.3,107,10.4,44,R,2867,57.9,92.9,2240,-10.6,-15.5,20,1.1,,,,,,,,,,,,,,,6.3,75.4,2253,9.0,-61.9,14.9,1.4,,,,,,,,18.5,85.5,2163,5.7,-31.0,9.5,2.1,17.1,85.2,1492,-11.5,-32.3,13.2,1.3,,,,,,,,76.4,91.1,2221,-6.6,-19.3,17.4,3.9,6.3,75.4,2253,9.0,-61.9,14.9,1.4,17.1,85.2,1492,-11.5,-32.3,13.2,1.3,
Lynn, Lance,2019,32,33,208.1,875,801,195,126,42,6,21,246,59,28.1,6.7,.243,.390,.299,.689,.228,.364,.297,.286,.287,.133,.380,.362,.348,.327,.015,.026,.011,87.4,13.6,33,5.9,6.2,25.3,26.3,31.9,4.4,33.8,68.8,22.6,28.1,43.3,56.7,208,480,49.7,1707,84.8,8.0,102,3007,443,3553,77.4,269,1188,50.3,1728,41.6,1428,28.7,48.7,36.1,36.3,27.6,562,32.8,40.7,229,23.8,134,27.9,157,7.5,42,R,3435,54.0,94.6,2482,-6.1,-15.9,16,1.5,,,,,,,,2.9,86.9,1811,-12.6,-29.6,14.4,2.1,9.5,81.2,2352,7.8,-52.0,12.6,1.7,17.1,92.8,2308,-12.9,-24.4,14.8,1.5,16.2,89.0,2583,3.3,-29.6,7,1.9,,,,,,,,,,,,,,,87.5,93.2,2467,-5.7,-20.1,14.1,2.9,9.5,81.2,2352,7.8,-52.0,12.6,1.7,2.9,86.9,1811,-12.6,-29.6,14.4,2.1,
Kikuchi, Yusei,2019,28,32,161.2,721,660,195,112,41,6,36,116,50,16.1,6.9,.295,.539,.348,.888,.276,.458,.372,.341,.332,.179,.418,.378,.355,.334,.019,.081,.031,88.6,12.2,42,7.7,5.3,25.9,24.0,34.6,2.6,38.6,67.2,13.4,26.5,37.9,62.1,127,335,48.1,1265,83.1,8.1,200,1287,1142,2721,86.6,123,916,51.9,1364,43.6,1146,20.0,47.6,38.1,33.5,28.4,549,25.8,44.8,246,21.9,120,25.1,138,8.2,45,L,2629,48.9,92.5,2096,5.7,-16.1,16.8,1.7,27.9,86.0,2220,-3.5,-34.0,5.6,2,7.6,84.5,1772,11.5,-29.1,14.8,2,15.4,75.0,2527,-6.9,-63.7,16,2,,,,,,,,,,,,,,,,,,,,,,,,,,,,,48.9,92.5,2096,5.7,-16.1,16.8,1.7,43.4,82.1,2333,-4.7,-44.6,9.3,6.2,7.6,84.5,1772,11.5,-29.1,14.8,2,
Kelly, Merrill,2019,31,32,183.1,777,709,184,113,38,4,29,158,57,20.3,7.3,.260,.447,.313,.760,.271,.479,.322,.344,.326,.205,.377,.408,.331,.347,-0.011,-0.032,-0.022,89.2,12.0,53,9.5,5.6,24.4,24.9,32.4,3.2,39.8,68.3,16.5,27.3,35.8,64.2,152,424,52.4,1551,74.8,7.5,398,1932,632,2962,83.5,159,964,47.6,1411,44.5,1318,22.4,46.9,41.4,35.8,22.8,558,27.7,43.2,241,25.8,144,25.3,141,5.7,32,R,2962,37.3,92.0,2411,-4.7,-17.2,16.1,1.6,,,,,,,,13.4,86.0,2109,-12.6,-23.9,18.5,1.5,21.3,80.6,2683,9.6,-55.3,15.9,1.8,9.6,91.5,2313,-13.9,-24.2,16.6,1.5,18.1,89.9,2433,2.1,-23.2,11.2,1.7,,,,,,,,,,,,,,,65.2,91.3,2403,-4.1,-19.9,14.8,1.9,21.3,80.6,2683,9.6,-55.3,15.9,1.8,13.4,86.0,2109,-12.6,-23.9,18.5,1.5,
Hudson, Dakota,2019,25,33,174.2,757,652,160,101,37,0,22,136,86,18.0,11.4,.245,.403,.337,.740,.263,.410,.319,.335,.355,.143,.340,.363,.306,.331,-0.018,-0.007,-0.016,88.7,3.0,36,6.8,5.9,23.4,13.7,46.6,3.6,38.8,64.6,13.8,25.1,47.2,52.8,177,375,52.6,1497,75.0,7.2,75,1756,1016,2848,86.2,120,871,47.4,1348,41.0,1167,23.8,43.8,38.2,39.5,22.2,526,26.4,57.4,302,13.9,73,24.9,131,3.8,20,R,2934,12.7,93.9,2168,-4.9,-19.2,12.7,1.1,25.3,87.5,2431,2.3,-34.8,4.3,1.4,2.6,88.1,1489,-11.5,-27.0,14,1.5,9.8,81.9,2201,9.4,-44.5,10.3,1.5,49.3,93.5,2134,-12.8,-23.5,14.9,1.2,,,,,,,,,,,,,,,,,,,,,,62.0,93.6,2141,-11.2,-22.7,14.5,1.2,35.2,85.9,2366,4.3,-37.5,6,3.1,2.6,88.1,1489,-11.5,-27.0,14,1.5,
Gonzales, Marco,2019,27,34,203.0,866,794,210,134,50,3,23,147,56,17.0,6.5,.264,.422,.314,.736,.254,.403,.315,.312,.309,.145,.350,.347,.320,.313,.010,.019,.003,88.0,14.6,34,5.2,7.0,24.8,28.5,30.6,4.0,35.0,65.4,14.3,29.6,26.0,74.0,123,473,50.6,1598,76.4,7.4,760,1895,502,3232,85.7,146,1020,49.4,1559,47.2,1490,18.1,47.5,37.7,38.1,24.2,657,29.9,41.9,275,23.7,156,25.3,166,9.1,60,L,3157,0.8,88.1,2208,4.3,-15.8,20.3,1.3,,,,,,,,24.0,81.2,2171,16.9,-32.1,19.7,1.1,15.9,76.3,2346,-8.4,-60.7,14.8,1.4,38.5,88.9,2253,11.4,-18.6,20.1,0.9,20.6,85.2,2245,0.5,-27.8,10.3,1.2,,,,,,,,,,,,,,,60.0,87.6,2250,7.6,-21.7,16.7,2.2,15.9,76.3,2346,-8.4,-60.7,14.8,1.4,24.0,81.2,2171,16.9,-32.1,19.7,1.1,
Gibson, Kyle,2019,32,34,160.0,706,637,175,118,30,4,23,160,56,22.7,7.9,.275,.443,.337,.780,.265,.421,.336,.329,.330,.153,.402,.390,.365,.353,.010,.022,.007,87.8,6.5,36,7.5,4.6,29.7,14.7,38.0,5.6,37.8,65.8,14.2,33.1,49.6,50.4,273,550,60.1,1661,69.3,4.6,447,1389,927,2764,85.7,103,725,39.9,1102,42.2,1166,29.5,46.2,45.0,35.1,19.9,482,31.2,52.5,253,16.6,80,25.1,121,5.8,28,R,2797,18.1,93.4,2210,-5.6,-15.0,17,1.4,20.9,84.1,2469,5.4,-40.0,6.1,1.3,16.2,85.3,1661,-13.2,-30.8,14.6,1.3,12.7,80.1,2481,6.7,-51.5,11.3,1.5,31.9,93.3,2099,-13.6,-19.4,17.9,1.3,,,,,,,,,,,,,,,,,,,,,,50.1,93.3,2139,-10.7,-17.8,17.5,1.3,33.6,82.6,2475,5.9,-44.3,8.1,2.6,16.2,85.3,1661,-13.2,-30.8,14.6,1.3,
Buehler, Walker,2019,25,30,182.1,737,685,153,99,29,5,20,215,37,29.2,5.0,.223,.368,.267,.635,.226,.354,.273,.274,.272,.125,.357,.360,.321,.327,-0.003,.014,-0.001,88.6,12.5,26,5.4,7.9,26.6,25.1,32.4,2.5,36.0,66.2,19.9,32.0,43.0,57.0,183,426,47.0,1330,77.8,7.9,13,2076,742,2838,80.1,198,993,53.0,1501,43.2,1224,26.8,50.0,31.2,41.6,27.2,478,32.8,43.1,206,25.1,120,27.0,129,4.8,23,R,3048,52.2,96.6,2467,-4.8,-11.6,18.4,1.2,15.1,87.0,2901,11.2,-37.8,11.8,2.4,0.4,91.5,1516,-12.9,-26.1,14.5,1.4,12.4,80.9,2947,10.4,-59.1,19.2,1.7,7.0,96.6,2354,-13.4,-16.1,19,1.4,12.6,92.8,2724,5.4,-22.6,11.1,1.6,,,,,,,,,,,,,,,71.9,95.9,2501,-3.9,-14.0,17.2,2.1,27.6,84.2,2923,10.8,-47.4,15.1,4,0.4,91.5,1516,-12.9,-26.1,14.5,1.4,
Tanaka, Masahiro,2019,31,32,182.0,759,713,186,111,43,4,28,149,40,19.6,5.3,.261,.450,.300,.751,.259,.418,.318,.313,.301,.155,.374,.367,.327,.328,.002,.032,.005,88.7,10.9,35,6.2,7.2,25.0,21.1,37.7,2.8,37.5,67.9,13.4,34.6,40.5,59.5,206,509,52.9,1473,77.9,4.7,742,941,1100,2787,86.6,119,889,47.1,1310,46.6,1297,23.3,50.3,43.1,35.0,21.8,568,31.9,48.2,274,21.3,121,22.9,130,7.6,43,R,3019,27.2,91.4,2141,-10.1,-17.4,19,1.4,36.7,83.2,2386,6.6,-39.7,7.4,1.6,,,,,,,,3.0,76.1,2390,9.3,-58.2,13.1,1.7,4.5,90.3,1917,-14.8,-25.5,17.4,1.3,1.5,87.5,2085,-1.7,-28.3,8.8,1.6,26.9,86.7,1589,-12.8,-32.1,14,1.4,,,,,,,,33.2,91.1,2108,-10.3,-19.0,18.3,1.7,39.7,82.7,2386,6.8,-41.1,7.9,2.7,26.9,86.7,1589,-12.8,-32.1,14,1.4,
Ray, Robbie,2019,28,33,174.1,747,642,150,82,33,5,30,235,84,31.5,11.2,.234,.441,.320,.761,.226,.410,.326,.319,.321,.182,.438,.424,.365,.357,.008,.031,.007,86.9,12.8,45,10.7,5.9,25.6,23.9,26.8,7.1,38.7,63.7,23.3,29.8,49.3,50.7,250,507,55.6,1699,74.6,6.2,0,1613,1447,3064,76.6,202,866,44.4,1359,42.5,1300,32.9,44.9,40.0,37.2,22.7,422,26.2,40.8,172,24.4,103,27.7,117,7.1,30,L,3058,42.7,92.4,2257,7.1,-14.0,19.7,1.5,30.7,84.2,2145,-1.9,-34.7,5.1,1.8,,,,,,,,16.4,81.6,2045,-1.2,-46.5,5,2.4,10.0,92.2,2182,13.8,-18.4,19.8,1.5,,,,,,,,,,,,,,,,,,,,,,52.7,92.4,2243,8.4,-14.9,19.7,1.5,47.2,83.3,2110,-1.7,-38.8,5,2.5,,,,,,,,
Lucchesi, Joey,2019,26,30,163.2,686,619,144,86,32,3,23,158,56,23.0,8.2,.233,.405,.294,.700,.231,.384,.302,.300,.297,.149,.355,.353,.310,.310,.002,.021,.002,87.2,10.2,34,7.2,6.6,21.3,23.6,36.2,5.1,36.0,66.5,15.9,27.0,45.3,54.7,177,391,54.9,1450,80.4,6.0,929,1714,0,2643,84.1,126,792,45.1,1191,41.9,1106,25.6,44.8,31.5,43.0,25.5,470,32.1,48.7,229,25.3,119,20.0,94,6.0,28,L,2641,,,,,,,,,,,,,,,35.1,78.9,2091,-1.7,-45.2,3,1.8,,,,,,,,51.3,90.1,2215,11.8,-20.7,17.6,1.4,13.5,90.5,2232,2.7,-18.0,15.7,1.3,,,,,,,,,,,,,,,64.8,90.2,2219,9.9,-20.2,17.2,1.4,,,,,,,,35.1,78.9,2091,-1.7,-45.2,3,1.8,
Leake, Mike,2019,32,32,197.0,835,793,227,138,45,3,41,127,27,15.2,3.2,.286,.506,.316,.822,.293,.499,.346,.351,.323,.203,.393,.400,.339,.347,-0.007,.007,-0.005,90.4,11.5,59,8.8,6.1,24.9,22.4,35.2,2.7,42.9,69.2,11.7,30.4,33.5,66.5,148,442,49.1,1455,78.0,7.8,615,1743,614,2975,88.3,122,1046,50.9,1511,45.1,1338,18.1,50.2,39.6,37.9,22.5,671,29.2,47.2,317,23.2,156,23.7,159,5.8,39,R,2966,14.3,88.6,2086,-8.1,-27.6,12,1.5,12.5,80.3,2506,9.5,-45.7,9.9,1.8,20.7,84.0,1719,-12.5,-41.2,12.9,1.6,7.9,79.3,2572,14.6,-47.4,14.9,1.9,18.3,88.3,2022,-11.9,-32.5,12.7,1.5,26.0,86.7,2232,1.6,-31.7,6.8,1.8,,,,,,,,,,,,,,,58.7,87.6,2131,-4.9,-31.0,9.9,1.9,20.4,79.9,2533,11.5,-46.4,11.9,2,20.7,84.0,1719,-12.5,-41.2,12.9,1.6,
Darvish, Yu,2019,33,31,178.2,731,657,140,80,23,4,33,229,56,31.3,7.7,.213,.411,.283,.694,.219,.383,.297,.294,.290,.161,.394,.388,.324,.333,-0.006,.028,.003,88.2,12.1,32,7.4,6.4,23.0,22.8,36.3,4.1,37.5,62.8,20.8,31.3,50.7,49.3,219,432,48.4,1379,71.7,7.2,120,2137,589,2848,79.2,192,922,51.6,1469,43.5,1240,30.4,47.5,39.8,37.7,22.5,435,30.8,46.0,200,23.9,104,23.9,104,6.2,27,R,2846,26.8,94.1,2529,-3.6,-14.7,16.6,1.9,13.7,82.4,2725,16.7,-39.9,17.2,2.1,0.4,83.8,1322,-5.3,-30.5,9.9,1.7,6.9,77.2,2624,11.4,-59.8,17.1,3.7,11.7,93.4,2280,-12.0,-22.4,15.1,2.2,36.5,86.9,2651,5.6,-36.6,7.2,2.8,3.7,88.6,1438,-6.0,-28.7,9.2,1.4,,,,,,,,75.0,90.5,2533,-0.4,-26.6,11.8,4.7,20.6,80.7,2690,14.9,-46.5,17.1,3.9,4.2,88.1,1426,-5.9,-28.9,9.3,2.1,
Bauer, Trevor,2019,28,34,213.0,911,800,184,100,43,7,34,253,82,27.8,9.0,.230,.429,.313,.742,.224,.389,.320,.310,.311,.162,.397,.382,.333,.327,.006,.040,.010,88.1,16.0,48,8.6,5.9,22.6,29.4,29.3,4.1,37.3,64.4,18.3,28.1,52.0,48.0,286,550,53.1,1958,69.9,6.8,280,2173,1233,3687,81.7,203,1112,46.9,1728,39.9,1472,29.4,45.1,40.4,35.7,23.9,557,29.7,38.8,216,28.2,157,23.7,132,9.3,52,R,3686,38.7,94.5,2415,-9.6,-13.7,19.7,1.5,13.8,79.6,2740,19.0,-46.8,19.4,1.7,7.5,86.0,1697,-15.4,-28.3,18.2,1.8,19.6,79.1,2549,8.3,-63.6,20.4,1.7,3.7,94.8,2349,-16.0,-19.3,19.5,1.1,16.4,84.6,2632,5.7,-40.9,6.7,1.9,,,,,,,,,,,,,,,58.9,91.7,2457,-5.7,-21.7,16,5.3,33.4,79.3,2627,12.7,-56.7,20,1.7,7.5,86.0,1697,-15.4,-28.3,18.2,1.8,
Alcantara, Sandy,2019,24,32,197.1,838,743,179,111,43,2,23,151,81,18.0,9.7,.241,.397,.320,.717,.241,.409,.311,.319,.322,.163,.336,.348,.302,.303,.000,-0.012,-0.008,86.7,11.0,39,6.5,6.5,21.4,24.6,35.3,5.5,34.3,68.7,16.4,30.9,38.9,61.1,195,501,52.5,1621,72.7,7.7,374,1786,930,3091,83.6,165,1009,47.5,1469,43.5,1345,23.8,48.9,36.3,38.6,25.1,598,31.1,45.5,272,24.1,144,22.7,136,7.5,45,R,3090,30.1,95.6,2356,-9.3,-15.8,17.7,1.6,21.4,86.0,2477,4.3,-37.0,5.5,1.6,12.1,89.1,1923,-16.1,-30.5,17,1.4,8.6,82.0,2481,5.5,-47.5,7.7,2.3,27.6,95.3,2393,-17.2,-22.9,19.1,1.6,,,,,,,,,,,,,,,,,,,,,,57.7,95.5,2374,-13.1,-19.2,18.4,1.6,30.0,84.9,2478,4.7,-40.0,6.1,2.8,12.1,89.1,1923,-16.1,-30.5,17,1.4,
Soroka, Mike,2019,22,29,174.2,701,647,153,116,21,2,14,142,41,20.3,5.8,.236,.340,.287,.627,.261,.383,.275,.305,.312,.119,.313,.354,.302,.334,-0.025,-0.043,-0.030,87.0,5.5,26,5.1,4.9,26.7,18.0,39.2,6.1,37.5,67.3,16.0,30.8,36.1,63.9,149,413,52.4,1340,76.0,6.7,316,1619,620,2557,84.0,131,818,47.6,1215,42.4,1084,22.8,48.2,40.0,37.3,22.7,510,31.0,52.9,270,15.3,78,25.9,132,5.9,30,R,2645,18.3,92.9,2363,-5.2,-19.4,14.7,1.5,24.0,83.2,2780,6.4,-45.8,7.8,2.1,12.4,81.3,2180,-13.8,-30.2,19.1,1.5,,,,,,,,45.1,92.3,2177,-16.0,-25.7,17.9,1.4,,,,,,,,,,,,,,,,,,,,,,63.5,92.5,2231,-12.8,-23.9,17,1.5,24.0,83.2,2780,6.4,-45.8,7.8,2.1,12.4,81.3,2180,-13.8,-30.2,19.1,1.5,
Nola, Aaron,2019,26,34,202.1,852,755,176,112,34,3,27,229,80,26.9,9.4,.233,.393,.313,.707,.231,.382,.307,.308,.314,.146,.376,.377,.333,.332,.002,.011,-0.001,88.5,8.7,36,6.8,6.8,26.7,18.8,37.2,3.8,39.5,58.4,16.4,32.0,42.7,57.3,245,574,53.8,1791,65.8,5.9,619,1539,1174,3332,83.6,148,900,46.2,1540,44.6,1486,26.6,44.3,40.4,38.9,20.7,532,29.6,50.9,271,20.7,110,23.5,125,4.9,26,R,3331,35.4,93.1,2171,-12.9,-18.2,18.5,1.6,,,,,,,,18.5,85.8,1570,-14.9,-33.2,15.6,1.5,35.2,79.1,2574,14.9,-55.1,18.4,1.5,10.7,92.2,2132,-16.6,-24.0,18.4,1.4,,,,,,,,,,,,,,,,,,,,,,46.2,92.8,2162,-13.8,-19.5,18.5,1.6,35.2,79.1,2574,14.9,-55.1,18.4,1.5,18.5,85.8,1570,-14.9,-33.2,15.6,1.5,
Lester, Jon,2019,35,31,171.2,764,698,205,139,35,5,26,165,52,21.6,6.8,.294,.470,.343,.813,.282,.451,.348,.343,.336,.167,.418,.411,.382,.369,.012,.019,.005,87.8,11.3,40,7.4,5.7,28.6,22.5,31.0,4.8,34.5,67.6,15.1,27.9,32.9,67.1,156,474,55.9,1701,80.8,5.0,362,2211,469,3043,84.9,137,906,44.1,1340,43.4,1320,21.2,45.4,38.7,37.6,23.6,542,26.8,43.9,238,20.7,112,29.9,162,5.5,30,L,3041,28.3,90.6,2251,7.3,-17.8,17.3,1.2,,,,,,,,11.9,84.3,1939,13.5,-31.4,15.3,1.4,15.3,74.5,2606,-11.5,-55.3,12.6,2,10.1,89.5,2143,13.7,-26.5,15.7,1.4,34.1,87.9,2391,-1.6,-25.1,10.7,1.3,,,,,,,,,,,,,,,72.7,89.1,2302,4.0,-22.4,14,1.9,15.3,74.5,2606,-11.5,-55.3,12.6,2,11.9,84.3,1939,13.5,-31.4,15.3,1.4,
Keller, Brad,2019,24,28,165.1,709,624,154,110,19,10,15,122,70,17.2,9.9,.247,.381,.329,.710,.260,.406,.310,.330,.343,.143,.326,.354,.304,.323,-0.013,-0.025,-0.020,88.9,9.0,30,5.9,6.7,23.8,21.1,38.6,3.7,38.2,65.7,11.2,27.5,38.8,61.2,152,392,52.6,1427,75.8,8.1,38,1822,851,2711,88.8,94,843,47.4,1284,41.1,1115,19.9,45.6,36.4,38.4,25.2,508,27.5,50.8,258,17.1,87,26.0,132,6.1,31,R,2711,41.7,93.7,2295,0.0,-17.2,14.4,1.7,31.3,84.9,2510,7.2,-44.0,8.9,1.7,1.4,87.8,1698,-6.8,-29.0,10.3,1.6,,,,,,,,25.4,92.8,2100,-10.8,-22.2,14.6,1.6,,,,,,,,,,,,,,,,,,,,,,67.2,93.3,2221,-4.1,-19.1,14.5,1.8,31.3,84.9,2510,7.2,-44.0,8.9,1.7,1.4,87.8,1698,-6.8,-29.0,10.3,1.6,
Flaherty, Jack,2019,24,33,196.1,772,704,135,85,24,1,25,231,55,29.9,7.1,.192,.335,.255,.590,.212,.348,.257,.274,.275,.134,.326,.355,.284,.315,-0.020,-0.013,-0.017,86.1,15.0,33,6.9,6.3,23.6,27.3,30.5,5.4,30.3,67.3,22.1,29.6,49.6,50.4,241,486,51.7,1643,73.9,6.5,64,1856,1259,3179,77.9,228,1034,48.3,1536,44.2,1405,30.9,47.8,37.8,35.1,27.1,479,30.2,40.7,195,23.0,110,24.6,118,11.7,56,R,3478,45.3,94.3,2229,-4.8,-15.7,15.3,2,28.4,84.9,2393,6.4,-33.3,8.3,1.9,1.8,86.2,1700,-11.7,-29.5,13.6,1.8,11.8,78.2,2506,12.8,-56.6,17.3,1.9,12.5,92.1,2017,-11.4,-23.4,14.1,1.9,,,,,,,,,,,,,,,,,,,,,,57.8,93.9,2183,-6.2,-17.4,15,2.2,40.3,83.0,2432,8.3,-40.1,11,3.9,1.8,86.2,1700,-11.7,-29.5,13.6,1.8,
DeSclafani, Anthony,2019,29,31,166.2,696,635,151,93,28,1,29,167,49,24.0,7.0,.238,.422,.293,.715,.233,.394,.304,.298,.292,.158,.372,.364,.321,.316,.005,.028,.006,88.3,11.5,36,7.6,6.7,21.4,25.4,34.5,4.4,38.7,67.2,14.0,29.7,43.6,56.4,173,397,51.6,1335,75.5,7.9,139,1430,1018,2668,86.0,118,841,48.4,1252,42.1,1088,23.6,47.9,35.3,42.2,22.5,476,31.8,43.7,208,26.1,124,22.9,109,7.4,35,R,2587,37.2,94.7,2249,-9.6,-14.3,18.9,1.1,24.2,89.4,2315,3.7,-27.4,8.4,1.9,5.3,88.5,1535,-13.7,-28.2,15.2,1.3,15.0,83.3,2048,4.8,-45.2,7.5,2,18.0,94.5,2086,-15.0,-19.5,18.7,1.1,,,,,,,,,,,,,,,,,,,,,,55.2,94.7,2196,-11.4,-16.0,18.8,1.1,39.3,87.1,2217,4.1,-34.2,8.1,3.8,5.3,88.5,1535,-13.7,-28.2,15.2,1.3,
Bundy, Dylan,2019,27,30,161.2,700,628,161,91,40,1,29,162,58,23.1,8.3,.256,.462,.321,.783,.238,.389,.333,.307,.307,.149,.398,.359,.340,.319,.018,.073,.026,87.7,13.7,28,5.9,7.0,23.8,27.6,32.7,3.0,31.6,66.9,17.3,32.9,47.7,52.3,232,486,53.1,1475,72.6,7.2,483,1387,908,2778,82.7,151,872,46.9,1303,42.3,1175,28.2,48.9,43.2,34.2,22.6,474,29.1,42.0,199,23.4,111,25.9,123,8.6,41,R,2778,42.4,91.1,2458,-5.2,-14.6,19.8,1.3,22.7,81.1,2573,5.0,-44.6,5.9,1.3,17.3,83.4,1569,-12.8,-32.7,15.1,1.4,9.9,74.8,2404,9.0,-64.5,16.6,1.5,7.5,91.3,2288,-13.3,-18.8,19.9,1.3,,,,,,,,,,,,,,,,,,,,,,49.9,91.2,2433,-6.4,-15.3,19.8,1.3,32.6,79.2,2519,6.2,-50.6,9.2,3.5,17.3,83.4,1569,-12.8,-32.7,15.1,1.4,
Bumgarner, Madison,2019,30,34,207.2,844,780,191,115,41,5,30,203,43,24.1,5.1,.245,.426,.289,.715,.253,.442,.304,.318,.299,.188,.376,.397,.328,.340,-0.008,-0.016,-0.014,89.4,17.4,53,9.0,5.3,26.7,30.3,24.9,3.7,41.5,70.1,17.9,31.6,39.4,60.6,205,520,50.9,1648,75.1,7.4,174,2470,597,3244,82.0,199,1114,49.1,1590,43.8,1419,24.7,50.5,41.7,35.3,23.0,587,34.6,37.0,217,29.1,171,26.2,154,7.7,45,L,3238,42.8,91.4,2405,9.1,-17.1,18.2,1,,,,,,,,5.3,84.2,1641,13.0,-29.5,15.9,1.4,18.3,78.8,2645,-11.8,-49.6,12.8,1.5,0.0,92.2,2400,11.9,-23.0,15.1,1.5,33.2,87.2,2488,-1.1,-28.1,8.4,1.4,,,,,,,,,,,,,,,76.2,89.6,2441,4.7,-21.9,13.9,2.6,18.3,78.8,2645,-11.8,-49.6,12.8,1.5,5.3,84.2,1641,13.0,-29.5,15.9,1.4,
Bieber, Shane,2019,24,34,214.1,859,810,186,117,37,1,31,259,40,30.2,4.7,.230,.393,.270,.663,.241,.410,.283,.298,.282,.166,.383,.406,.337,.354,-0.011,-0.017,-0.015,90.4,12.3,48,8.7,6.0,26.5,22.7,34.3,1.8,43.1,65.3,16.9,32.5,55.1,44.9,309,561,53.6,1728,69.4,6.4,234,1475,1557,3332,83.1,165,976,46.4,1495,42.4,1365,30.7,47.7,36.8,37.5,25.6,554,31.5,44.8,248,21.7,120,26.5,147,7.0,39,R,3223,45.7,93.1,2254,-8.3,-13.6,19.7,0.8,26.4,85.0,2370,1.4,-34.9,4.1,1,7.2,87.6,1725,-15.7,-28.4,17.5,0.9,20.4,82.7,2303,4.0,-50.6,11.2,1.2,0.0,93.7,2189,-13.7,-19.6,18.1,,,,,,,,,,,,,,,,,,,,,,,45.7,93.1,2254,-8.3,-13.6,19.7,0.8,46.9,84.0,2341,2.5,-41.7,7.2,1.7,7.2,87.6,1725,-15.7,-28.4,17.5,0.9,
Maeda, Kenta,2019,31,37,153.2,624,564,114,67,21,4,22,169,51,27.1,8.2,.202,.371,.271,.641,.213,.333,.277,.272,.282,.118,.338,.331,.286,.303,-0.011,.038,.005,85.4,14.7,22,5.5,4.0,24.8,30.3,30.0,5.5,28.8,65.8,22.6,33.3,49.3,50.7,216,438,54.0,1314,73.9,6.3,577,911,945,2433,77.4,166,736,46.0,1119,42.0,1023,32.5,48.3,38.0,35.0,27.0,400,33.5,41.0,164,24.5,98,25.0,100,9.5,38,R,2491,33.4,92.1,2289,-6.9,-17.1,17,1.3,32.3,83.6,2518,4.7,-33.8,8.8,1.7,23.2,84.9,1517,-12.6,-34.5,13.5,1.1,7.2,77.2,2687,11.2,-59.2,16.2,1.7,3.6,91.9,2229,-14.4,-22.8,17.8,1.1,,,,,,,,,,,,,,,,,,,,,,37.0,92.1,2283,-7.6,-17.6,17.1,1.3,39.6,82.4,2551,5.9,-38.5,10.1,3.2,23.2,84.9,1517,-12.6,-34.5,13.5,1.1,
Fiers, Mike,2019,34,33,184.2,754,683,166,115,19,2,30,126,53,16.7,7.0,.243,.408,.302,.711,.260,.446,.307,.333,.322,.183,.333,.368,.295,.319,-0.017,-0.038,-0.026,87.3,15.5,42,7.4,4.9,24.6,28.4,28.4,6.2,37.8,66.0,14.6,26.8,28.1,71.9,103,367,48.4,1370,68.4,7.9,355,1482,999,2899,85.4,141,965,51.6,1462,42.9,1214,18.3,47.1,41.7,33.6,24.7,566,30.1,40.3,228,24.9,141,24.7,140,10.1,57,R,2832,32.7,90.4,2322,-9.0,-15.3,20.9,1.6,17.7,85.7,2481,3.2,-28.3,10.9,2.1,12.5,84.1,1933,-16.2,-33.2,18,1.5,17.4,74.0,2781,10.9,-70.7,21.2,1.7,19.5,90.2,2256,-15.5,-20.9,20.7,1.4,,,,,,,,,,,,,,,,,,,,,,52.3,90.3,2297,-11.4,-17.4,20.8,1.5,35.1,79.9,2630,7.0,-49.3,16,6.8,12.5,84.1,1933,-16.2,-33.2,18,1.5,
Wheeler, Zack,2019,29,31,195.1,828,760,196,140,33,1,22,195,50,23.6,6.0,.258,.391,.300,.690,.246,.387,.297,.298,.296,.138,.365,.366,.343,.333,.012,.004,-0.001,86.2,11.5,31,5.3,6.0,27.1,24.5,31.2,5.9,32.2,68.7,17.9,31.0,35.3,64.7,166,470,48.1,1518,75.4,7.7,354,1864,940,3159,82.1,202,1127,51.9,1640,45.2,1428,23.1,50.6,36.7,35.7,27.6,580,34.9,44.7,259,22.6,131,25.7,149,7.1,41,R,3158,30.0,96.8,2341,-10.5,-13.1,18.8,1.3,19.7,91.2,2386,2.1,-26.2,7.2,1.6,10.1,89.0,1771,-12.4,-24.1,16.2,1.5,9.9,80.7,2647,8.1,-54.1,14.2,1.6,29.0,96.5,2256,-13.9,-15.9,19,1.4,,,,,,,,1.0,88.8,1383,-12.4,-30.5,13.3,1.5,,,,,,,,59.0,96.7,2299,-12.2,-14.5,18.9,1.4,29.7,87.6,2473,4.1,-35.5,9.5,5.7,11.2,88.9,1736,-12.4,-24.7,15.9,1.5,
Nova, Ivan,2019,32,34,187.0,806,743,225,151,44,0,30,114,47,14.1,5.8,.303,.483,.349,.832,.292,.460,.355,.348,.342,.164,.389,.380,.355,.345,.011,.023,.007,88.1,10.3,46,7.2,5.4,26.1,21.6,34.8,4.9,38.4,68.2,11.2,30.9,32.7,67.3,160,490,52.9,1587,75.6,6.6,480,2017,503,3005,88.8,108,963,47.1,1413,43.3,1299,18.5,48.5,41.7,38.3,20.0,635,31.4,46.6,296,19.2,122,27.7,176,6.5,41,R,3000,17.5,92.5,2246,-12.4,-20.8,17.2,1.4,,,,,,,,16.0,86.2,2000,-16.5,-29.8,18.2,1.3,16.7,79.9,2258,2.8,-50.5,7.2,1.8,36.7,92.3,2162,-17.2,-25.5,18.7,1.4,12.9,86.7,2143,-3.6,-28.9,9.1,1.5,,,,,,,,,,,,,,,67.2,91.3,2181,-13.3,-24.9,16.4,2.9,16.7,79.9,2258,2.8,-50.5,7.2,1.8,16.0,86.2,2000,-16.5,-29.8,18.2,1.3,
Musgrove, Joe,2019,27,32,170.1,718,662,168,94,48,5,21,157,39,21.9,5.4,.254,.437,.301,.737,.246,.406,.313,.304,.295,.157,.374,.362,.329,.319,.008,.031,.009,88.4,11.3,33,6.4,6.6,23.8,25.0,35.0,3.1,38.7,69.4,15.6,32.4,45.6,54.4,190,417,48.5,1286,76.2,8.1,280,1536,841,2657,84.4,148,949,51.5,1368,45.5,1207,24.7,51.4,38.7,39.3,22.1,512,32.5,44.9,230,24.6,126,24.2,124,6.3,32,R,2654,37.5,92.7,2419,-5.2,-19.7,14,1.5,22.0,83.2,2495,11.6,-40.4,11.8,1.2,10.5,85.3,2001,-7.1,-33.0,9.2,1.5,9.4,82.1,2575,6.9,-52.4,12.7,1.3,11.9,91.5,2278,-10.6,-26.7,12.6,1.6,8.4,88.7,2514,3.1,-28.0,8.1,1.4,,,,,,,,,,,,,,,57.8,91.9,2404,-5.1,-22.3,12.8,2.2,31.5,82.9,2519,10.2,-44.0,12.1,1.4,10.5,85.3,2001,-7.1,-33.0,9.2,1.5,
Mikolas, Miles,2019,31,32,184.0,764,710,193,127,33,6,27,144,32,18.8,4.2,.272,.449,.310,.760,.275,.434,.322,.326,.317,.156,.375,.380,.337,.344,-0.003,.015,-0.004,87.8,9.8,36,6.3,4.9,30.2,20.0,34.5,4.2,36.3,64.5,14.6,33.0,35.8,64.2,167,467,50.4,1415,75.4,7.4,108,1435,1261,2867,85.4,131,897,49.6,1390,43.6,1224,21.7,48.9,34.2,40.3,25.5,576,31.3,48.8,281,21.4,123,25.0,144,4.9,28,R,2990,27.7,93.7,2304,-5.9,-16.3,16.1,1.4,23.7,87.0,2321,3.7,-34.0,5,1.5,3.6,87.8,1707,-13.5,-28.5,15.9,2.4,21.5,78.4,2585,9.0,-61.2,17.6,1.4,23.3,93.4,2227,-13.7,-19.5,18.3,1.4,,,,,,,,,,,,,,,,,,,,,,51.1,93.6,2269,-9.5,-17.7,17.1,1.4,45.2,82.9,2449,6.2,-46.9,11,5.1,3.6,87.8,1707,-13.5,-28.5,15.9,2.4,
Hendricks, Kyle,2019,30,30,177.0,730,675,168,108,39,2,19,150,32,20.5,4.4,.249,.397,.286,.683,.249,.384,.294,.294,.291,.132,.347,.347,.317,.319,.000,.013,.000,85.2,13.0,29,5.4,5.2,26.0,26.4,29.0,8.0,31.0,64.3,17.1,33.0,32.3,67.7,140,433,48.8,1313,70.9,6.8,754,1671,271,2698,82.9,151,884,51.2,1375,47.5,1278,22.1,49.0,35.9,38.3,25.8,538,27.3,43.7,235,22.7,122,25.1,135,8.6,46,R,2688,20.5,87.2,2044,-6.7,-21.7,16.4,1.2,,,,,,,,28.0,78.6,2115,-13.1,-34.1,17.3,1.1,9.7,71.4,2784,15.7,-68.0,19.6,1.4,41.6,86.7,1959,-12.7,-26.9,16.3,1.2,,,,,,,,,,,,,,,,,,,,,,62.1,86.9,1987,-10.7,-25.2,16.3,1.2,9.7,71.4,2784,15.7,-68.0,19.6,1.4,28.0,78.6,2115,-13.1,-34.1,17.3,1.1,
Gray, Sonny,2019,30,31,175.1,708,622,122,80,21,4,17,205,68,29.0,9.6,.196,.325,.278,.603,.210,.343,.267,.284,.294,.130,.322,.350,.289,.311,-0.014,-0.018,-0.017,87.1,8.0,29,6.8,4.7,21.7,22.9,40.0,4.0,33.3,59.2,14.8,27.4,51.4,48.6,220,428,55.6,1560,73.7,6.6,133,1367,1306,2909,85.2,109,738,44.4,1246,39.8,1117,28.4,41.8,37.9,38.3,23.8,428,22.6,52.6,225,20.3,87,21.3,91,5.8,25,R,2806,28.6,93.3,2527,-1.9,-16.1,15.2,1.2,21.0,84.6,2868,15.9,-43.0,16.7,1.3,4.7,89.7,2047,-12.7,-24.1,16.3,1.3,25.4,81.9,2988,15.7,-53.9,19.9,1.7,19.5,93.1,2441,-11.7,-21.3,15.5,1.2,0.5,89.3,2570,3.1,-25.0,10.1,1.9,,,,,,,,,,,,,,,48.7,93.2,2493,-5.8,-18.3,15.3,1.3,46.5,83.1,2934,15.8,-49.0,18.5,2.2,4.7,89.7,2047,-12.7,-24.1,16.3,1.3,
Eflin, Zach,2019,25,32,163.1,705,642,172,110,34,0,28,129,48,18.3,6.8,.268,.452,.321,.772,.253,.410,.329,.312,.310,.154,.376,.354,.333,.315,.015,.042,.017,86.7,11.1,36,6.9,4.4,21.6,25.9,35.6,5.6,32.8,66.3,14.8,29.7,32.0,68.0,126,394,51.6,1326,79.5,6.3,203,1440,928,2571,85.2,122,826,48.4,1245,45.3,1164,20.3,47.5,37.2,38.7,24.1,522,32.3,46.0,240,23.2,121,23.9,125,6.9,36,R,2571,33.6,93.8,2186,-9.3,-17.7,16.2,1.2,30.7,87.1,2247,3.7,-29.8,7.9,2,7.8,86.7,1787,-14.1,-27.9,16.4,1.5,5.3,77.9,2416,10.6,-53.2,13.1,1.3,21.8,93.1,2090,-16.2,-23.4,18,1.2,0.5,89.6,2227,-0.5,-23.5,10.5,1.4,,,,,,,,,,,,,,,56.0,93.5,2149,-11.9,-20.0,16.9,1.3,36.0,85.7,2272,4.7,-33.2,8.7,4.1,7.8,86.7,1787,-14.1,-27.9,16.4,1.5,
Berrios, Jose,2019,25,32,200.1,842,774,194,130,35,3,26,195,51,23.2,6.1,.251,.404,.302,.706,.241,.403,.304,.303,.294,.158,.365,.363,.332,.320,.010,.001,.001,86.5,13.6,38,6.5,4.9,22.7,27.4,33.7,4.8,32.0,64.4,16.7,33.4,36.2,63.8,189,522,50.0,1565,68.6,7.7,497,1731,904,3132,83.3,169,1009,50.0,1567,44.5,1395,23.4,48.9,38.3,35.4,26.2,587,29.9,42.9,252,25.2,148,24.0,141,7.8,46,R,3220,32.2,93.2,2191,-10.0,-17.0,17.6,1.4,,,,,,,,15.7,82.6,1705,-14.5,-36.9,15.1,2.1,28.9,81.3,2335,17.0,-45.1,17.4,2.1,23.0,92.2,2112,-16.2,-22.8,18.8,1.5,,,,,,,,,,,,,,,,,,,,,,55.3,92.7,2158,-12.6,-19.4,18.1,1.5,28.9,81.3,2335,17.0,-45.1,17.4,2.1,15.7,82.6,1705,-14.5,-36.9,15.1,2.1,
Bailey, Homer,2019,33,31,163.1,696,632,162,114,24,3,21,149,53,21.4,7.6,.256,.403,.315,.718,.263,.405,.310,.319,.323,.140,.360,.374,.332,.343,-0.007,-0.002,-0.009,89.8,12.9,28,5.7,6.1,29.2,24.3,32.4,2.2,38.7,67.7,16.1,29.5,42.6,57.4,178,418,50.5,1416,73.8,7.5,740,1417,648,2836,83.9,151,940,49.5,1389,42.3,1186,24.2,48.4,36.7,35.5,27.8,490,27.7,45.3,222,22.4,110,25.1,123,7.1,35,R,2805,48.0,93.0,2092,-8.0,-16.4,17,1.4,14.2,87.3,1837,2.4,-30.1,6.5,1.8,,,,,,,,8.8,78.4,1925,10.1,-53.5,13.4,1.7,2.4,92.7,2031,-13.3,-19.8,17.9,1.6,,,,,,,,26.3,84.1,1121,-7.5,-35.3,9.3,1.8,,,,,,,,50.5,93.0,2089,-8.2,-16.6,17.1,1.5,23.1,83.9,1871,5.4,-39.1,9.1,5.1,26.3,84.1,1121,-7.5,-35.3,9.3,1.8,
Anderson, Brett,2019,31,31,176.0,743,682,181,126,33,2,20,90,49,12.1,6.6,.265,.408,.315,.723,.284,.466,.311,.347,.336,.178,.325,.369,.304,.328,-0.019,-0.058,-0.036,88.8,4.5,44,7.3,5.2,24.2,16.0,43.0,4.3,39.8,65.7,10.3,27.1,35.0,65.0,122,349,48.4,1288,74.1,8.3,357,1660,642,2659,89.7,93,901,51.6,1371,42.6,1132,17.2,47.0,37.8,41.2,21.0,600,25.2,55.5,333,16.3,98,23.7,142,4.5,27,L,2659,18.6,89.4,2028,3.1,-22.9,12.8,2.2,18.6,81.9,2384,-4.6,-50.0,9.9,1.6,13.4,82.6,1481,14.0,-34.2,15.9,1.8,5.4,75.6,2393,-7.8,-65.4,17.3,1.8,43.8,90.7,1799,14.7,-25.7,17.1,1.8,,,,,,,,,,,,,,,,,,,,,,62.4,90.3,1867,11.3,-24.8,15.9,2,24.1,80.5,2386,-5.3,-53.5,11.5,3.3,13.4,82.6,1481,14.0,-34.2,15.9,1.8,